Table,DocPage,PdfPage,Schema,EndMarker
Auditing.BulkUpdateTraceTable1,76,78,Auditing,[Auditing].[CareTend_OC_Tracing]
Auditing.CareTend_OC_Tracing,77,79,Auditing,[Auditing].[ChangeLog]
Auditing.ChangeLog,78,80,Auditing,[Auditing].[ClinicalInformationLocked]
Auditing.ClinicalInformationLocked,79,81,Auditing,[Auditing].[DeaLog]
Auditing.DeaLog,81,83,Auditing,[Billing].[AccountingPeriod]
Billing.AccountingPeriod,82,84,Billing,[Billing].[AccountingPeriodFinancials]
Billing.AccountingPeriodFinancials,84,86,Billing,[Billing].[BatchPrintGroup]
Billing.BatchPrintGroup,85,87,Billing,[Billing].[BillingAuthorization]
Billing.BillingAuthorization,86,88,Billing,[Billing].[Claim]
Billing.Claim,89,91,Billing,[Billing].[ClaimAggregate]
Billing.ClaimAggregate,92,94,Billing,[Billing].[ClaimCOB]
Billing.ClaimCOB,93,95,Billing,[Billing].[ClaimElectronicDetail]
Billing.ClaimElectronicDetail,95,97,Billing,[Billing].[ClaimIllinoisDetail]
Billing.ClaimIllinoisDetail,97,99,Billing,[Billing].[ClaimItem]
Billing.ClaimItem,98,100,Billing,[Billing].[ClaimItemAggregate]
Billing.ClaimItemAggregate,101,103,Billing,[Billing].[ClaimItemCOB]
Billing.ClaimItemCOB,102,104,Billing,[Billing].[ClaimItemIllinoisDetail]
Billing.ClaimItemIllinoisDetail,104,106,Billing,[Billing].[ClaimItemInvoiceDiagnosis]
Billing.ClaimItemInvoiceDiagnosis,106,108,Billing,[Billing].[ClaimItemMediCal301Detail]
Billing.ClaimItemMediCal301Detail,107,109,Billing,[Billing].[ClaimItemMediCal304Detail]
Billing.ClaimItemMediCal304Detail,108,110,Billing,[Billing].[ClaimItemNYMedicaidDetail]
Billing.ClaimItemNYMedicaidDetail,109,111,Billing,[Billing].[ClaimItemPharmacyConflict]
Billing.ClaimItemPharmacyConflict,110,112,Billing,[Billing].[ClaimItemPharmacyDetail]
Billing.ClaimItemPharmacyDetail,111,113,Billing,[Billing].[ClaimItemTax]
Billing.ClaimItemTax,113,115,Billing,[Billing].[ClaimItemTransaction]
Billing.ClaimItemTransaction,114,116,Billing,[Billing].[ClaimItemUB04Detail]
Billing.ClaimItemUB04Detail,116,118,Billing,[Billing].[ClaimMedicaidNYDetail]
Billing.ClaimMedicaidNYDetail,117,119,Billing,[Billing].[ClaimMediCal301Detail]
Billing.ClaimMediCal301Detail,118,120,Billing,[Billing].[ClaimMediCal304Detail]
Billing.ClaimMediCal304Detail,119,121,Billing,[Billing].[ClaimParty]
Billing.ClaimParty,121,123,Billing,[Billing].[ClaimPatientInsured]
Billing.ClaimPatientInsured,123,125,Billing,[Billing].[ClaimPharmacyAdditionalCharge]
Billing.ClaimPharmacyAdditionalCharge,124,126,Billing,[Billing].[ClaimPharmacyChangedField]
Billing.ClaimPharmacyChangedField,125,127,Billing,[Billing].[ClaimPharmacyCOBPayor]
Billing.ClaimPharmacyCOBPayor,126,128,Billing,[Billing].[ClaimPharmacyCOBPayorItem]
Billing.ClaimPharmacyCOBPayorItem,127,129,Billing,[Billing].[ClaimPharmacyDetail]
Billing.ClaimPharmacyDetail,129,131,Billing,[Billing].[ClaimPharmacyElectronicLog]
Billing.ClaimPharmacyElectronicLog,132,134,Billing,[Billing].[ClaimPharmacyMeasurement]
Billing.ClaimPharmacyMeasurement,133,135,Billing,[Billing].[ClaimPharmacyPartialFill]
Billing.ClaimPharmacyPartialFill,134,136,Billing,[Billing].[ClaimPharmacyPriorAuthDetail]
Billing.ClaimPharmacyPriorAuthDetail,135,137,Billing,[Billing].[ClaimPharmacyResponse]
Billing.ClaimPharmacyResponse,137,139,Billing,[Billing].[ClaimPharmacyResponseItem]
Billing.ClaimPharmacyResponseItem,139,141,Billing,[Billing].[ClaimPharmacySubmissionClarificationCode]
Billing.ClaimPharmacySubmissionClarificationCode,141,143,Billing,[Billing].[ClaimPharmacyWorkersComp]
Billing.ClaimPharmacyWorkersComp,142,144,Billing,[Billing].[ClaimStatusHistory]
Billing.ClaimStatusHistory,143,145,Billing,[Billing].[ClaimUB04ConditionCode]
Billing.ClaimUB04ConditionCode,145,147,Billing,[Billing].[ClaimUB04Detail]
Billing.ClaimUB04Detail,146,148,Billing,[Billing].[ClaimUB04ExternalCauseofInjuryCode]
Billing.ClaimUB04ExternalCauseofInjuryCode,148,150,Billing,[Billing].[ClaimUB04OccurrenceCode]
Billing.ClaimUB04OccurrenceCode,149,151,Billing,[Billing].[ClaimUB04ProcedureCode]
Billing.ClaimUB04ProcedureCode,150,152,Billing,[Billing].[ClaimUB04ReasonForVisit]
Billing.ClaimUB04ReasonForVisit,151,153,Billing,[Billing].[ClaimUB04ValueCode]
Billing.ClaimUB04ValueCode,152,154,Billing,[Billing].[CreditCard]
Billing.CreditCard,153,155,Billing,[Billing].[CreditCardTransaction]
Billing.CreditCardTransaction,154,156,Billing,[Billing].[ERNBatch]
Billing.ERNBatch,156,158,Billing,[Billing].[ERNBatchAdjustment]
Billing.ERNBatchAdjustment,158,160,Billing,[Billing].[ERNClaim]
Billing.ERNClaim,159,161,Billing,[Billing].[ERNClaimAdjustment]
Billing.ERNClaimAdjustment,161,163,Billing,[Billing].[ERNClaimAmount]
Billing.ERNClaimAmount,162,164,Billing,[Billing].[ERNClaimItem]
Billing.ERNClaimItem,163,165,Billing,[Billing].[ERNClaimItemAdjustment]
Billing.ERNClaimItemAdjustment,165,167,Billing,[Billing].[ERNClaimItemAmount]
Billing.ERNClaimItemAmount,166,168,Billing,[Billing].[ERNClaimItemPendingTransaction]
Billing.ERNClaimItemPendingTransaction,167,169,Billing,[Billing].[ERNClaimItemRemark]
Billing.ERNClaimItemRemark,168,170,Billing,[Billing].[ERNClaimParty]
Billing.ERNClaimParty,169,171,Billing,[Billing].[ERNClaimRemark]
Billing.ERNClaimRemark,170,172,Billing,[Billing].[HcPcList]
Billing.HcPcList,171,173,Billing,[Billing].[InsuranceVerification]
Billing.InsuranceVerification,172,174,Billing,[Billing].[Invoice]
Billing.Invoice,174,176,Billing,[Billing].[InvoiceAggregate]
Billing.InvoiceAggregate,176,178,Billing,[Billing].[InvoiceClaimItemLink]
Billing.InvoiceClaimItemLink,177,179,Billing,[Billing].[InvoiceCOB]
Billing.InvoiceCOB,178,180,Billing,[Billing].[InvoiceDiagnosisCode]
Billing.InvoiceDiagnosisCode,180,182,Billing,[Billing].[InvoiceItem]
Billing.InvoiceItem,181,183,Billing,[Billing].[InvoiceItemAggregate]
Billing.InvoiceItemAggregate,183,185,Billing,[Billing].[InvoiceItemTax]
Billing.InvoiceItemTax,184,186,Billing,[Billing].[PatientAggregate]
Billing.PatientAggregate,185,187,Billing,[Billing].[PaymentAssistanceApproval]
Billing.PaymentAssistanceApproval,187,189,Billing,[Billing].[PaymentAssistanceGrantFundTransaction]
Billing.PaymentAssistanceGrantFundTransaction,188,190,Billing,[Billing].[PaymentAssistanceRequest]
Billing.PaymentAssistanceRequest,190,192,Billing,[Billing].[PaymentAssistanceRequestPatientOrder]
Billing.PaymentAssistanceRequestPatientOrder,192,194,Billing,[Billing].[PendingClaimItemTransaction]
Billing.PendingClaimItemTransaction,193,195,Billing,[Billing].[RecurringRental]
Billing.RecurringRental,195,197,Billing,[Billing].[RecurringRentalItem]
Billing.RecurringRentalItem,197,199,Billing,[Billing].[RecurringRentalItemDiagnosis]
Billing.RecurringRentalItemDiagnosis,199,201,Billing,[Billing].[RecurringRentalItemTax]
Billing.RecurringRentalItemTax,200,202,Billing,[Billing].[SentToPrintBatch]
Billing.SentToPrintBatch,201,203,Billing,[Billing].[TransactionBatch]
Billing.TransactionBatch,202,204,Billing,[Billing].[TransactionBatchCompany]
Billing.TransactionBatchCompany,204,206,Billing,[Billing].[TransactionBatchPendingTransaction]
Billing.TransactionBatchPendingTransaction,205,207,Billing,[Billing].[TransactionBatchUnappliedCash]
Billing.TransactionBatchUnappliedCash,206,208,Billing,[Billing].[UnappliedCash]
Billing.UnappliedCash,207,209,Billing,[Billing].[VerifoneAccount]
Billing.VerifoneAccount,209,211,Billing,[Billing].[VerifoneAccountCompany]
Billing.VerifoneAccountCompany,210,212,Billing,[CareTendMobile].[WebFavorite]
CareTendMobile.WebFavorite,211,213,CareTendMobile,[CareTendMobile].[WebRecent]
CareTendMobile.WebRecent,212,214,CareTendMobile,[CareTendMobile].[WebRecentType]
CareTendMobile.WebRecentType,213,215,CareTendMobile,[Common].[Address]
Common.Address,214,216,Common,[Common].[AddressTaxArea]
Common.AddressTaxArea,216,218,Common,[Common].[AddressTaxTemplate]
Common.AddressTaxTemplate,217,219,Common,[Common].[CarePlanTemplate]
Common.CarePlanTemplate,218,220,Common,[Common].[CarePlanTemplateItem]
Common.CarePlanTemplateItem,219,221,Common,[Common].[ClinicianVisit]
Common.ClinicianVisit,220,222,Common,[Common].[ClinicianVisitAssociation]
Common.ClinicianVisitAssociation,222,224,Common,[Common].[ClinicianVisitDepartment]
Common.ClinicianVisitDepartment,223,225,Common,[Common].[Company]
Common.Company,224,226,Common,[Common].[CompanyLocation]
Common.CompanyLocation,225,227,Common,[Common].[Container]
Common.Container,226,228,Common,[Common].[ContainerField]
Common.ContainerField,227,229,Common,[Common].[ContainerGroup]
Common.ContainerGroup,228,230,Common,[Common].[ContainerGroupAssessment]
Common.ContainerGroupAssessment,229,231,Common,[Common].[ContainerGroupAssociation]
Common.ContainerGroupAssociation,230,232,Common,[Common].[ContainerGroupAssociationFieldValue]
Common.ContainerGroupAssociationFieldValue,231,233,Common,[Common].[CopyableField]
Common.CopyableField,232,234,Common,[Common].[CopyableFieldCategory]
Common.CopyableFieldCategory,233,235,Common,[Common].[CopyableTable]
Common.CopyableTable,234,236,Common,[Common].[CopyableTableStandardField]
Common.CopyableTableStandardField,235,237,Common,[Common].[EmailAddress]
Common.EmailAddress,236,238,Common,[Common].[Entity]
Common.Entity,237,239,Common,[Common].[EntityNameHistory]
Common.EntityNameHistory,238,240,Common,[Common].[ExternalLogin]
Common.ExternalLogin,239,241,Common,[Common].[Field]
Common.Field,240,242,Common,[Common].[FieldValue]
Common.FieldValue,241,243,Common,[Common].[Party]
Common.Party,242,244,Common,[Common].[PartyAddress]
Common.PartyAddress,243,245,Common,[Common].[PartyAddressPhoneNumber]
Common.PartyAddressPhoneNumber,245,247,Common,[Common].[PartyAddressTaxExempt]
Common.PartyAddressTaxExempt,246,248,Common,[Common].[PartyCompany]
Common.PartyCompany,247,249,Common,[Common].[PartyContact]
Common.PartyContact,248,250,Common,[Common].[PartyExternalLogin]
Common.PartyExternalLogin,249,251,Common,[Common].[PartyLicense]
Common.PartyLicense,250,252,Common,[Common].[Person]
Common.Person,251,253,Common,[Common].[PersonNameHistory]
Common.PersonNameHistory,252,254,Common,[Common].[PhoneNumber]
Common.PhoneNumber,253,255,Common,[Common].[PhysicianOrder485Template]
Common.PhysicianOrder485Template,254,256,Common,[Common].[PhysicianOrderTemplate]
Common.PhysicianOrderTemplate,255,257,Common,[Common].[PhysicianOrderTemplateItem]
Common.PhysicianOrderTemplateItem,256,258,Common,[Common].[Task]
Common.Task,257,259,Common,[Common].[TaskAssociation]
Common.TaskAssociation,259,261,Common,[Common].[TaskDepartment]
Common.TaskDepartment,260,262,Common,[Common].[TaskMessage]
Common.TaskMessage,261,263,Common,[Common].[TaskRecipient]
Common.TaskRecipient,262,264,Common,[Delivery].[CompanyPointOfOrigin]
Delivery.CompanyPointOfOrigin,266,268,Delivery,[Delivery].[DeliverySignature]
Delivery.DeliverySignature,267,269,Delivery,[Delivery].[PointOfOrigin]
Delivery.PointOfOrigin,268,270,Delivery,[Delivery].[PurchaseOrderShippingResponse]
Delivery.PurchaseOrderShippingResponse,269,271,Delivery,[Delivery].[Route]
Delivery.Route,270,272,Delivery,[Delivery].[RouteStop]
Delivery.RouteStop,272,274,Delivery,[Delivery].[ShippingResponse]
Delivery.ShippingResponse,273,275,Delivery,[Delivery].[Ticket]
Delivery.Ticket,275,277,Delivery,[Delivery].[TicketDeliveryAttempt]
Delivery.TicketDeliveryAttempt,278,280,Delivery,[Delivery].[TicketDeliverySignature]
Delivery.TicketDeliverySignature,279,281,Delivery,[Delivery].[TicketDeliveryStatusHistory]
Delivery.TicketDeliveryStatusHistory,280,282,Delivery,[Delivery].[TicketDocument]
Delivery.TicketDocument,281,283,Delivery,[Delivery].[TicketItem]
Delivery.TicketItem,282,284,Delivery,[Delivery].[TicketItemBillingHoldHistory]
Delivery.TicketItemBillingHoldHistory,287,289,Delivery,[Delivery].[TicketItemDiagnosis]
Delivery.TicketItemDiagnosis,288,290,Delivery,[Delivery].[TicketItemQuantityDeducted]
Delivery.TicketItemQuantityDeducted,289,291,Delivery,[Delivery].[TicketItemTax]
Delivery.TicketItemTax,291,293,Delivery,[Delivery].[TicketRouteStop]
Delivery.TicketRouteStop,292,294,Delivery,[Delivery].[TicketShippingResponse]
Delivery.TicketShippingResponse,293,295,Delivery,[Delivery].[TicketStatusHistory]
Delivery.TicketStatusHistory,294,296,Delivery,[Delivery].[Vehicle]
Delivery.Vehicle,295,297,Delivery,[Documents].[Document]
Documents.Document,296,298,Documents,[Documents].[DocumentIncomingDocumentPath]
Documents.DocumentIncomingDocumentPath,298,300,Documents,[Documents].[DocumentInventoryItem]
Documents.DocumentInventoryItem,299,301,Documents,[Documents].[DocumentParty]
Documents.DocumentParty,300,302,Documents,[Documents].[DocumentPatientOrder]
Documents.DocumentPatientOrder,302,304,Documents,[Documents].[DocumentPatientPhysicianOrder]
Documents.DocumentPatientPhysicianOrder,303,305,Documents,[Documents].[DocumentPrescription]
Documents.DocumentPrescription,304,306,Documents,[Documents].[DocumentTracking]
Documents.DocumentTracking,305,307,Documents,[Documents].[DocumentWorkflowGroup]
Documents.DocumentWorkflowGroup,306,308,Documents,[Documents].[PatientARPA]
Documents.PatientARPA,307,309,Documents,[Documents].[PatientARPAEnteral]
Documents.PatientARPAEnteral,309,311,Documents,[Documents].[PatientARPAParenteral]
Documents.PatientARPAParenteral,310,312,Documents,[Documents].[PatientCMN]
Documents.PatientCMN,311,313,Documents,[Documents].[PatientLAPA]
Documents.PatientLAPA,312,314,Documents,[Documents].[PatientMOPriorAuth]
Documents.PatientMOPriorAuth,313,315,Documents,[Documents].[PatientNYPriorApproval]
Documents.PatientNYPriorApproval,315,317,Documents,[Documents].[PatientSMN]
Documents.PatientSMN,316,318,Documents,[Documents].[PatientSupportingDocument]
Documents.PatientSupportingDocument,317,319,Documents,[Documents].[PatientSupportingDocumentDiagnosis]
Documents.PatientSupportingDocumentDiagnosis,319,321,Documents,[Documents].[PatientSupportingDocumentFieldValue]
Documents.PatientSupportingDocumentFieldValue,320,322,Documents,[Documents].[PatientSupportingDocumentLine]
Documents.PatientSupportingDocumentLine,321,323,Documents,[Documents].[PatientSupportingDocumentLineModifier]
Documents.PatientSupportingDocumentLineModifier,323,325,Documents,[Documents].[PatientSupportingDocumentNote]
Documents.PatientSupportingDocumentNote,324,326,Documents,[Documents].[PatientTAR]
Documents.PatientTAR,325,327,Documents,[Documents].[PatientTARMedicalJustification]
Documents.PatientTARMedicalJustification,326,328,Documents,[Documents].[PhysicalDocument]
Documents.PhysicalDocument,327,329,Documents,[Documents].[UploadDestinations]
Documents.UploadDestinations,328,330,Documents,[Documents].[UploadLog]
Documents.UploadLog,329,331,Documents,[Documents].[UploadQueue]
Documents.UploadQueue,330,332,Documents,[Drug].[Drug]
Drug.Drug,331,333,Drug,[Drug].[DrugCategoryNDC]
Drug.DrugCategoryNDC,334,336,Drug,[Drug].[DrugCaution]
Drug.DrugCaution,335,337,Drug,[Drug].[DrugConcentration]
Drug.DrugConcentration,336,338,Drug,[Drug].[DrugWarning]
Drug.DrugWarning,337,339,Drug,[Drug].[SolubilityCurve]
Drug.SolubilityCurve,338,340,Drug,[Drug].[SolubilityCurvePoint]
Drug.SolubilityCurvePoint,339,341,Drug,[Drug].[StateDEASchedule]
Drug.StateDEASchedule,340,342,Drug,[Drug].[SynagisData]
Drug.SynagisData,341,343,Drug,[Drug].[SynagisDataPatientSat]
Drug.SynagisDataPatientSat,343,345,Drug,[Drug].[SynagisDataRiskFactors]
Drug.SynagisDataRiskFactors,344,346,Drug,[Drug].[SynagisInjection]
Drug.SynagisInjection,345,347,Drug,[Drug].[TherapeuticRange]
Drug.TherapeuticRange,347,349,Drug,[Drug].[TPNDrug]
Drug.TPNDrug,348,350,Drug,[Drug].[TPNDrugNutrient]
Drug.TPNDrugNutrient,350,352,Drug,[Employees].[Employee]
Employees.Employee,351,353,Employees,[Employees].[EmployeeAttendance]
Employees.EmployeeAttendance,352,354,Employees,[Employees].[EmployeeDate]
Employees.EmployeeDate,353,355,Employees,[Employees].[EmployeeDepartment]
Employees.EmployeeDepartment,354,356,Employees,[Employees].[EmployeeSecure]
Employees.EmployeeSecure,355,357,Employees,[Encounter].[DischargeNote]
Encounter.DischargeNote,356,358,Encounter,[Encounter].[DischargeSummary]
Encounter.DischargeSummary,357,359,Encounter,[Encounter].[DischargeSummaryOrder]
Encounter.DischargeSummaryOrder,359,361,Encounter,[Encounter].[PatientAssessment]
Encounter.PatientAssessment,360,362,Encounter,[Encounter].[PatientAssessmentCommon]
Encounter.PatientAssessmentCommon,362,364,Encounter,[Encounter].[PatientAssessmentItem]
Encounter.PatientAssessmentItem,363,365,Encounter,[Encounter].[PatientAssessmentStandard]
Encounter.PatientAssessmentStandard,364,366,Encounter,[Encounter].[PatientAssessmentVisitReport]
Encounter.PatientAssessmentVisitReport,366,368,Encounter,[Encounter].[PatientCarePlan]
Encounter.PatientCarePlan,369,371,Encounter,[Encounter].[PatientCarePlanItem]
Encounter.PatientCarePlanItem,371,373,Encounter,[Encounter].[PatientEncounter]
Encounter.PatientEncounter,373,375,Encounter,[Encounter].[PatientLabResult]
Encounter.PatientLabResult,374,376,Encounter,[Encounter].[PatientNote]
Encounter.PatientNote,375,377,Encounter,[Encounter].[PatientPhysicianOrder]
Encounter.PatientPhysicianOrder,377,379,Encounter,[Encounter].[PatientPhysicianOrder485]
Encounter.PatientPhysicianOrder485,379,381,Encounter,[Encounter].[PatientPhysicianOrder485Activity]
Encounter.PatientPhysicianOrder485Activity,381,383,Encounter,[Encounter].[PatientPhysicianOrder485Diagnosis]
Encounter.PatientPhysicianOrder485Diagnosis,382,384,Encounter,[Encounter].[PatientPhysicianOrder485FunctionalLimitation]
Encounter.PatientPhysicianOrder485FunctionalLimitation,383,385,Encounter,[Encounter].[PatientPhysicianOrder485MentalStatus]
Encounter.PatientPhysicianOrder485MentalStatus,384,386,Encounter,[Encounter].[PatientPhysicianOrderItem]
Encounter.PatientPhysicianOrderItem,385,387,Encounter,[Encounter].[PatientPhysicianOrderStandard]
Encounter.PatientPhysicianOrderStandard,386,388,Encounter,[Encounter].[TransferNote]
Encounter.TransferNote,387,389,Encounter,[Encounter].[TransferSummary]
Encounter.TransferSummary,388,390,Encounter,[Encounter].[TransferSummaryOrder]
Encounter.TransferSummaryOrder,390,392,Encounter,[Equipment].[AssetEvent]
Equipment.AssetEvent,391,393,Equipment,[Equipment].[AssetEventAction]
Equipment.AssetEventAction,392,394,Equipment,[Equipment].[AssetEventFailure]
Equipment.AssetEventFailure,393,395,Equipment,[Equipment].[AssetStatusHistory]
Equipment.AssetStatusHistory,394,396,Equipment,[Equipment].[Equipment]
Equipment.Equipment,396,398,Equipment,[Equipment].[EquipmentAsset]
Equipment.EquipmentAsset,398,400,Equipment,[Equipment].[EquipmentAssetBarcode]
Equipment.EquipmentAssetBarcode,400,402,Equipment,[Equipment].[EquipmentAssetCode]
Equipment.EquipmentAssetCode,401,403,Equipment,[Erx].[ErxHubMessage]
Erx.ErxHubMessage,402,404,Erx,[Erx].[ErxHubStatus]
Erx.ErxHubStatus,404,406,Erx,[Insurance].[BillingProvider]
Insurance.BillingProvider,405,407,Insurance,[Insurance].[BillingProviderCarrier]
Insurance.BillingProviderCarrier,406,408,Insurance,[Insurance].[BillingProviderEligibility]
Insurance.BillingProviderEligibility,407,409,Insurance,[Insurance].[Carrier]
Insurance.Carrier,409,411,Insurance,[Insurance].[CarrierBatchEligibilityCheckLog]
Insurance.CarrierBatchEligibilityCheckLog,412,414,Insurance,[Insurance].[CarrierBINPCN]
Insurance.CarrierBINPCN,413,415,Insurance,[Insurance].[CarrierClaimTypeSettingGroup]
Insurance.CarrierClaimTypeSettingGroup,414,416,Insurance,[Insurance].[CarrierClaimTypeSettingValue]
Insurance.CarrierClaimTypeSettingValue,415,417,Insurance,[Insurance].[CarrierEligibility]
Insurance.CarrierEligibility,416,418,Insurance,[Insurance].[CarrierEligibilityCheckLog]
Insurance.CarrierEligibilityCheckLog,418,420,Insurance,[Insurance].[CarrierRentalAdjustmentCode]
Insurance.CarrierRentalAdjustmentCode,422,424,Insurance,[Insurance].[CarrierTransmissionMethod]
Insurance.CarrierTransmissionMethod,423,425,Insurance,[Insurance].[ClaimTypeSettingGroup]
Insurance.ClaimTypeSettingGroup,424,426,Insurance,[Insurance].[ClaimTypeSettingGroupValue]
Insurance.ClaimTypeSettingGroupValue,425,427,Insurance,[Insurance].[CompanyBillingProvider]
Insurance.CompanyBillingProvider,426,428,Insurance,[Insurance].[TransmissionMethod]
Insurance.TransmissionMethod,427,429,Insurance,[Insurance].[TransmissionMethod837]
Insurance.TransmissionMethod837,429,431,Insurance,[Insurance].[TransmissionMethodCredential]
Insurance.TransmissionMethodCredential,430,432,Insurance,[Integrations].[InboundAddress]
Integrations.InboundAddress,431,433,Integrations,[Integrations].[InboundIntegrationVendor]
Integrations.InboundIntegrationVendor,432,434,Integrations,[Integrations].[InboundPatient]
Integrations.InboundPatient,433,435,Integrations,[Integrations].[InboundPatientAllergy]
Integrations.InboundPatientAllergy,436,438,Integrations,[Integrations].[InboundPatientContact]
Integrations.InboundPatientContact,437,439,Integrations,[Integrations].[InboundPatientDiagnosis]
Integrations.InboundPatientDiagnosis,439,441,Integrations,[Integrations].[InboundPatientPolicy]
Integrations.InboundPatientPolicy,440,442,Integrations,[Integrations].[InboundPatientProcessingError]
Integrations.InboundPatientProcessingError,442,444,Integrations,[Integrations].[InboundPatientStatistics]
Integrations.InboundPatientStatistics,443,445,Integrations,[Integrations].[InboundPhoneNumber]
Integrations.InboundPhoneNumber,444,446,Integrations,[Integrations].[InboundPOAck]
Integrations.InboundPOAck,445,447,Integrations,[Integrations].[InboundPOAckAddress]
Integrations.InboundPOAckAddress,447,449,Integrations,[Integrations].[InboundPOAckItem]
Integrations.InboundPOAckItem,448,450,Integrations,[Integrations].[InboundPOCatalog]
Integrations.InboundPOCatalog,450,452,Integrations,[Integrations].[InboundPOCatalogItem]
Integrations.InboundPOCatalogItem,451,453,Integrations,[Integrations].[InboundPOInvoice]
Integrations.InboundPOInvoice,452,454,Integrations,[Integrations].[InboundPOInvoiceAddress]
Integrations.InboundPOInvoiceAddress,454,456,Integrations,[Integrations].[InboundPOInvoiceChargeDiscount]
Integrations.InboundPOInvoiceChargeDiscount,455,457,Integrations,[Integrations].[InboundPOInvoiceItem]
Integrations.InboundPOInvoiceItem,456,458,Integrations,[Integrations].[InboundPOInvoiceTermsOfPayment]
Integrations.InboundPOInvoiceTermsOfPayment,458,460,Integrations,[Integrations].[InboundPOShipment]
Integrations.InboundPOShipment,459,461,Integrations,[Integrations].[InboundPOShipmentAddress]
Integrations.InboundPOShipmentAddress,461,463,Integrations,[Integrations].[InboundPOShipmentItem]
Integrations.InboundPOShipmentItem,462,464,Integrations,[Integrations].[InboundPOShipmentOrder]
Integrations.InboundPOShipmentOrder,464,466,Integrations,[Integrations].[InboundProvider]
Integrations.InboundProvider,465,467,Integrations,[Integrations].[IntegrationProcess]
Integrations.IntegrationProcess,466,468,Integrations,[Integrations].[OutboundPOHeader]
Integrations.OutboundPOHeader,467,469,Integrations,[Integrations].[OutboundPOHeaderDeliveryTicket]
Integrations.OutboundPOHeaderDeliveryTicket,469,471,Integrations,[Integrations].[OutboundPOHeaderPurchaseOrder]
Integrations.OutboundPOHeaderPurchaseOrder,470,472,Integrations,[Integrations].[OutboundPOItem]
Integrations.OutboundPOItem,471,473,Integrations,[Inventory].[InventoryItem]
Inventory.InventoryItem,472,474,Inventory,[Inventory].[InventoryItemBarcode]
Inventory.InventoryItemBarcode,475,477,Inventory,[Inventory].[InventoryItemCode]
Inventory.InventoryItemCode,476,478,Inventory,[Inventory].[InventoryItemCompanyRank]
Inventory.InventoryItemCompanyRank,478,480,Inventory,[Inventory].[InventoryItemDispensibleUnit]
Inventory.InventoryItemDispensibleUnit,479,481,Inventory,[Inventory].[InventoryItemExternalUpdate]
Inventory.InventoryItemExternalUpdate,480,482,Inventory,[Inventory].[InventoryItemIMSExclusion]
Inventory.InventoryItemIMSExclusion,481,483,Inventory,[Inventory].[InventoryItemLocation]
Inventory.InventoryItemLocation,482,484,Inventory,[Inventory].[InventoryItemLocationQuantity]
Inventory.InventoryItemLocationQuantity,484,486,Inventory,[Inventory].[InventoryItemMediCalInfo]
Inventory.InventoryItemMediCalInfo,485,487,Inventory,[Inventory].[InventoryItemName]
Inventory.InventoryItemName,486,488,Inventory,[Inventory].[InventoryItemPhysicalLocation]
Inventory.InventoryItemPhysicalLocation,488,490,Inventory,[Inventory].[InventoryItemPrice]
Inventory.InventoryItemPrice,489,491,Inventory,[Inventory].[InventoryItemPricingUpdate]
Inventory.InventoryItemPricingUpdate,491,493,Inventory,[Inventory].[InventoryItemQuantityDeducted]
Inventory.InventoryItemQuantityDeducted,492,494,Inventory,[Inventory].[InventoryItemQuantityReceived]
Inventory.InventoryItemQuantityReceived,494,496,Inventory,[Inventory].[InventoryItemStatusHistory]
Inventory.InventoryItemStatusHistory,496,498,Inventory,[Inventory].[InventoryItemSupplier]
Inventory.InventoryItemSupplier,497,499,Inventory,[Inventory].[InventoryItemSupplierSKU]
Inventory.InventoryItemSupplierSKU,498,500,Inventory,[Inventory].[InventoryItemSupplyKit]
Inventory.InventoryItemSupplyKit,500,502,Inventory,[Inventory].[InventoryTransfer]
Inventory.InventoryTransfer,501,503,Inventory,[Inventory].[InventoryTransferEquipmentAsset]
Inventory.InventoryTransferEquipmentAsset,502,504,Inventory,[Inventory].[InventoryTransferQuantity]
Inventory.InventoryTransferQuantity,503,505,Inventory,[Inventory].[InventoryTransferQuantityDispensed]
Inventory.InventoryTransferQuantityDispensed,505,507,Inventory,[Inventory].[ItemTypePriceType]
Inventory.ItemTypePriceType,506,508,Inventory,[Inventory].[Location]
Inventory.Location,507,509,Inventory,[Inventory].[LocationIntegration]
Inventory.LocationIntegration,509,511,Inventory,[Inventory].[LotInformation]
Inventory.LotInformation,510,512,Inventory,[Inventory].[PhysicalInventoryBatch]
Inventory.PhysicalInventoryBatch,511,513,Inventory,[Inventory].[PhysicalInventoryCountSheet]
Inventory.PhysicalInventoryCountSheet,512,514,Inventory,[Inventory].[PhysicalInventoryCountSheetAssignedEmployee]
Inventory.PhysicalInventoryCountSheetAssignedEmployee,514,516,Inventory,[Inventory].[PhysicalInventoryCountSheetItem]
Inventory.PhysicalInventoryCountSheetItem,515,517,Inventory,[Inventory].[PhysicalInventoryCountSheetItemCount]
Inventory.PhysicalInventoryCountSheetItemCount,516,518,Inventory,[Inventory].[PhysicalInventoryEquipmentAsset]
Inventory.PhysicalInventoryEquipmentAsset,517,519,Inventory,[Inventory].[Supplier]
Inventory.Supplier,518,520,Inventory,[Inventory].[SupplierAccount]
Inventory.SupplierAccount,519,521,Inventory,[Inventory].[SupplierAccountCompany]
Inventory.SupplierAccountCompany,521,523,Inventory,[Inventory].[SupplierEDI]
Inventory.SupplierEDI,522,524,Inventory,[Inventory].[SupplyKit]
Inventory.SupplyKit,524,526,Inventory,[Inventory].[SupplyKitInventoryItem]
Inventory.SupplyKitInventoryItem,525,527,Inventory,[Lookups].[AccessOrder]
Lookups.AccessOrder,527,529,Lookups,[Lookups].[AccountingPeriodStatus]
Lookups.AccountingPeriodStatus,528,530,Lookups,[Lookups].[AccountingPeriodType]
Lookups.AccountingPeriodType,529,531,Lookups,[Lookups].[ActivityLevel]
Lookups.ActivityLevel,530,532,Lookups,[Lookups].[AcuityAdmission]
Lookups.AcuityAdmission,531,533,Lookups,[Lookups].[AddressType]
Lookups.AddressType,532,534,Lookups,[Lookups].[AdjustmentCode]
Lookups.AdjustmentCode,533,535,Lookups,[Lookups].[AdmissionReason]
Lookups.AdmissionReason,534,536,Lookups,[Lookups].[AlertNote]
Lookups.AlertNote,535,537,Lookups,[Lookups].[AlertNoteType]
Lookups.AlertNoteType,536,538,Lookups,[Lookups].[Applicable]
Lookups.Applicable,537,539,Lookups,[Lookups].[ARPAAdministrationMethod]
Lookups.ARPAAdministrationMethod,538,540,Lookups,[Lookups].[ARPAEquipmentCertificationType]
Lookups.ARPAEquipmentCertificationType,539,541,Lookups,[Lookups].[ARPAFrequency]
Lookups.ARPAFrequency,540,542,Lookups,[Lookups].[ARPALengthOfNeed]
Lookups.ARPALengthOfNeed,541,543,Lookups,[Lookups].[ARPANutritionCertificationType]
Lookups.ARPANutritionCertificationType,542,544,Lookups,[Lookups].[AssessmentItem]
Lookups.AssessmentItem,543,545,Lookups,[Lookups].[AssessmentItemType]
Lookups.AssessmentItemType,544,546,Lookups,[Lookups].[AssessmentStatus]
Lookups.AssessmentStatus,545,547,Lookups,[Lookups].[AssessmentType]
Lookups.AssessmentType,546,548,Lookups,[Lookups].[AssetBarcodeType]
Lookups.AssetBarcodeType,547,549,Lookups,[Lookups].[AssetCodeType]
Lookups.AssetCodeType,548,550,Lookups,[Lookups].[AssetEventActionType]
Lookups.AssetEventActionType,549,551,Lookups,[Lookups].[AssetEventFailureType]
Lookups.AssetEventFailureType,550,552,Lookups,[Lookups].[AssetEventReason]
Lookups.AssetEventReason,551,553,Lookups,[Lookups].[AssetPriceType]
Lookups.AssetPriceType,552,554,Lookups,[Lookups].[AssetStatus]
Lookups.AssetStatus,553,555,Lookups,[Lookups].[AuthorizationOverrideType]
Lookups.AuthorizationOverrideType,554,556,Lookups,[Lookups].[AuthorizationRequirement]
Lookups.AuthorizationRequirement,555,557,Lookups,[Lookups].[AutomaticBillingMethod]
Lookups.AutomaticBillingMethod,556,558,Lookups,[Lookups].[BatchBillingMethod]
Lookups.BatchBillingMethod,557,559,Lookups,[Lookups].[BatchEligibilityCheckStatus]
Lookups.BatchEligibilityCheckStatus,558,560,Lookups,[Lookups].[BenefitsAssignedToProvider]
Lookups.BenefitsAssignedToProvider,559,561,Lookups,[Lookups].[BenefitStageQualifier]
Lookups.BenefitStageQualifier,560,562,Lookups,[Lookups].[BillableState]
Lookups.BillableState,561,563,Lookups,[Lookups].[BillingAuthorizationLineOfBusiness]
Lookups.BillingAuthorizationLineOfBusiness,562,564,Lookups,[Lookups].[BillingAuthorizationType]
Lookups.BillingAuthorizationType,563,565,Lookups,[Lookups].[BillingFrequency]
Lookups.BillingFrequency,564,566,Lookups,[Lookups].[BillingMethod]
Lookups.BillingMethod,565,567,Lookups,[Lookups].[BillingNarrative]
Lookups.BillingNarrative,566,568,Lookups,[Lookups].[BillingOption]
Lookups.BillingOption,567,569,Lookups,[Lookups].[BillingReviewStatus]
Lookups.BillingReviewStatus,568,570,Lookups,[Lookups].[BillingStatus]
Lookups.BillingStatus,569,571,Lookups,[Lookups].[BirthType]
Lookups.BirthType,570,572,Lookups,[Lookups].[BloodStreamInfectionIntervention]
Lookups.BloodStreamInfectionIntervention,571,573,Lookups,[Lookups].[ByPassReason]
Lookups.ByPassReason,572,574,Lookups,[Lookups].[CarePlanDiscipline]
Lookups.CarePlanDiscipline,573,575,Lookups,[Lookups].[CarePlanGoal]
Lookups.CarePlanGoal,574,576,Lookups,[Lookups].[CarePlanIntervention]
Lookups.CarePlanIntervention,575,577,Lookups,[Lookups].[CarePlanItemType]
Lookups.CarePlanItemType,576,578,Lookups,[Lookups].[CarePlanProblem]
Lookups.CarePlanProblem,577,579,Lookups,[Lookups].[CarrierType]
Lookups.CarrierType,578,580,Lookups,[Lookups].[CashTransactionType]
Lookups.CashTransactionType,579,581,Lookups,[Lookups].[CategoryDrugName]
Lookups.CategoryDrugName,580,582,Lookups,[Lookups].[CatheterDiscontinuedReason]
Lookups.CatheterDiscontinuedReason,581,583,Lookups,[Lookups].[CatheterType]
Lookups.CatheterType,582,584,Lookups,[Lookups].[CauseofInjury]
Lookups.CauseofInjury,583,585,Lookups,[Lookups].[ChangedPharmacyField]
Lookups.ChangedPharmacyField,584,586,Lookups,[Lookups].[ClaimAccepted]
Lookups.ClaimAccepted,585,587,Lookups,[Lookups].[ClaimAssignmentStatus]
Lookups.ClaimAssignmentStatus,586,588,Lookups,[Lookups].[ClaimInquiryFlag]
Lookups.ClaimInquiryFlag,587,589,Lookups,[Lookups].[ClaimInsuranceType]
Lookups.ClaimInsuranceType,588,590,Lookups,[Lookups].[ClaimItemTransactionType]
Lookups.ClaimItemTransactionType,589,591,Lookups,[Lookups].[ClaimLocation]
Lookups.ClaimLocation,590,592,Lookups,[Lookups].[ClaimPartyType]
Lookups.ClaimPartyType,591,593,Lookups,[Lookups].[ClaimReportStatus]
Lookups.ClaimReportStatus,592,594,Lookups,[Lookups].[ClaimReportType]
Lookups.ClaimReportType,593,595,Lookups,[Lookups].[ClaimTransmissionCode]
Lookups.ClaimTransmissionCode,594,596,Lookups,[Lookups].[ClaimType]
Lookups.ClaimType,595,597,Lookups,[Lookups].[ClaimTypeSetting]
Lookups.ClaimTypeSetting,596,598,Lookups,[Lookups].[ClinicalDocumentDateType]
Lookups.ClinicalDocumentDateType,597,599,Lookups,[Lookups].[ClinicalDocumentStatus]
Lookups.ClinicalDocumentStatus,598,600,Lookups,[Lookups].[ClinicalDocumentType]
Lookups.ClinicalDocumentType,599,601,Lookups,[Lookups].[ClinicalInformationType]
Lookups.ClinicalInformationType,600,602,Lookups,[Lookups].[ClinicianVisitStatus]
Lookups.ClinicianVisitStatus,601,603,Lookups,[Lookups].[CMNDelivery]
Lookups.CMNDelivery,602,604,Lookups,[Lookups].[CMNLineFrequency]
Lookups.CMNLineFrequency,603,605,Lookups,[Lookups].[CMNMethodOfAdministration]
Lookups.CMNMethodOfAdministration,604,606,Lookups,[Lookups].[CMNNCAmbulatory]
Lookups.CMNNCAmbulatory,605,607,Lookups,[Lookups].[CMNNCAmbulatoryTransfer]
Lookups.CMNNCAmbulatoryTransfer,606,608,Lookups,[Lookups].[CMNNCAmbulatoryWalks]
Lookups.CMNNCAmbulatoryWalks,607,609,Lookups,[Lookups].[CMNNCCondition]
Lookups.CMNNCCondition,608,610,Lookups,[Lookups].[CMNNCEquipment]
Lookups.CMNNCEquipment,609,611,Lookups,[Lookups].[CMNNCMental]
Lookups.CMNNCMental,610,612,Lookups,[Lookups].[CMNNCNeurologicalMuscleTone]
Lookups.CMNNCNeurologicalMuscleTone,611,613,Lookups,[Lookups].[CMNNCNeurologicalSensation]
Lookups.CMNNCNeurologicalSensation,612,614,Lookups,[Lookups].[CMNNCPrognosis]
Lookups.CMNNCPrognosis,613,615,Lookups,[Lookups].[CMNNCRespiratory]
Lookups.CMNNCRespiratory,614,616,Lookups,[Lookups].[CMNNCSkin]
Lookups.CMNNCSkin,615,617,Lookups,[Lookups].[CMNNutritionRoute]
Lookups.CMNNutritionRoute,616,618,Lookups,[Lookups].[CMNOrgan]
Lookups.CMNOrgan,617,619,Lookups,[Lookups].[CMNOxygenCondition]
Lookups.CMNOxygenCondition,618,620,Lookups,[Lookups].[CMNPerformed]
Lookups.CMNPerformed,619,621,Lookups,[Lookups].[CMNPumpMethod]
Lookups.CMNPumpMethod,620,622,Lookups,[Lookups].[CMNPumpRoute]
Lookups.CMNPumpRoute,621,623,Lookups,[Lookups].[CMNPumpType]
Lookups.CMNPumpType,622,624,Lookups,[Lookups].[CMNReason]
Lookups.CMNReason,623,625,Lookups,[Lookups].[CMNTemplate]
Lookups.CMNTemplate,624,626,Lookups,[Lookups].[CMNTENSLeadCount]
Lookups.CMNTENSLeadCount,625,627,Lookups,[Lookups].[CMNTENSPeriodOfUse]
Lookups.CMNTENSPeriodOfUse,626,628,Lookups,[Lookups].[CMNTENSReason]
Lookups.CMNTENSReason,627,629,Lookups,[Lookups].[CMNUlcer]
Lookups.CMNUlcer,628,630,Lookups,[Lookups].[CMNVASource]
Lookups.CMNVASource,629,631,Lookups,[Lookups].[CMS1500PatientStatus]
Lookups.CMS1500PatientStatus,630,632,Lookups,[Lookups].[CMSDateOfInjuryQualifier]
Lookups.CMSDateOfInjuryQualifier,631,633,Lookups,[Lookups].[CMSFirstDateQualifier]
Lookups.CMSFirstDateQualifier,632,634,Lookups,[Lookups].[CMSOtherClaimIDQualifier]
Lookups.CMSOtherClaimIDQualifier,633,635,Lookups,[Lookups].[CMSProviderQualifier]
Lookups.CMSProviderQualifier,634,636,Lookups,[Lookups].[COBGroupCode]
Lookups.COBGroupCode,635,637,Lookups,[Lookups].[COBReferenceType]
Lookups.COBReferenceType,636,638,Lookups,[Lookups].[CodeStatus]
Lookups.CodeStatus,637,639,Lookups,[Lookups].[CodeType]
Lookups.CodeType,638,640,Lookups,[Lookups].[CollapseItemsType]
Lookups.CollapseItemsType,639,641,Lookups,[Lookups].[CompoundAdminRoute]
Lookups.CompoundAdminRoute,640,642,Lookups,[Lookups].[CompoundCode]
Lookups.CompoundCode,641,643,Lookups,[Lookups].[CompoundDispensingUnit]
Lookups.CompoundDispensingUnit,642,644,Lookups,[Lookups].[CompoundDosageFormat]
Lookups.CompoundDosageFormat,643,645,Lookups,[Lookups].[CompoundingInstruction]
Lookups.CompoundingInstruction,644,646,Lookups,[Lookups].[CompoundType]
Lookups.CompoundType,645,647,Lookups,[Lookups].[CompoundUOM]
Lookups.CompoundUOM,646,648,Lookups,[Lookups].[ContactType]
Lookups.ContactType,647,649,Lookups,[Lookups].[ContainerGroupType]
Lookups.ContainerGroupType,648,650,Lookups,[Lookups].[ContractRuleType]
Lookups.ContractRuleType,649,651,Lookups,[Lookups].[ControlledSubstanceDosageCode]
Lookups.ControlledSubstanceDosageCode,650,652,Lookups,[Lookups].[ControlledSubstanceRelationshipType]
Lookups.ControlledSubstanceRelationshipType,651,653,Lookups,[Lookups].[ControlledSubstanceVersion]
Lookups.ControlledSubstanceVersion,652,654,Lookups,[Lookups].[CopyableFieldDataType]
Lookups.CopyableFieldDataType,653,655,Lookups,[Lookups].[Country]
Lookups.Country,654,656,Lookups,[Lookups].[County]
Lookups.County,655,657,Lookups,[Lookups].[CoverageType]
Lookups.CoverageType,656,658,Lookups,[Lookups].[CprServiceType]
Lookups.CprServiceType,657,659,Lookups,[Lookups].[CreditCardTransactionType]
Lookups.CreditCardTransactionType,658,660,Lookups,[Lookups].[CreditCardType]
Lookups.CreditCardType,659,661,Lookups,[Lookups].[CultrSens]
Lookups.CultrSens,660,662,Lookups,[Lookups].[DEAAuditLogEventType]
Lookups.DEAAuditLogEventType,661,663,Lookups,[Lookups].[DEASchedule]
Lookups.DEASchedule,662,664,Lookups,[Lookups].[DelayReasonCode]
Lookups.DelayReasonCode,663,665,Lookups,[Lookups].[DeliveryAction]
Lookups.DeliveryAction,664,666,Lookups,[Lookups].[DeliveryAttemptReason]
Lookups.DeliveryAttemptReason,665,667,Lookups,[Lookups].[DeliveryCompletionReason]
Lookups.DeliveryCompletionReason,666,668,Lookups,[Lookups].[DeliveryReason]
Lookups.DeliveryReason,667,669,Lookups,[Lookups].[DeliveryStatus]
Lookups.DeliveryStatus,668,670,Lookups,[Lookups].[DeliveryTicketFooter]
Lookups.DeliveryTicketFooter,669,671,Lookups,[Lookups].[Department]
Lookups.Department,670,672,Lookups,[Lookups].[DiabetesType]
Lookups.DiabetesType,671,673,Lookups,[Lookups].[DiagnosisQualifier]
Lookups.DiagnosisQualifier,672,674,Lookups,[Lookups].[DietType]
Lookups.DietType,673,675,Lookups,[Lookups].[DIFMethodOfAdministration]
Lookups.DIFMethodOfAdministration,674,676,Lookups,[Lookups].[DIFNutritionMethodOfAdministration]
Lookups.DIFNutritionMethodOfAdministration,675,677,Lookups,[Lookups].[DIFNutritionRouteOfAdministration]
Lookups.DIFNutritionRouteOfAdministration,676,678,Lookups,[Lookups].[DIFRouteOfAdministration]
Lookups.DIFRouteOfAdministration,677,679,Lookups,[Lookups].[DischargeAcuity]
Lookups.DischargeAcuity,678,680,Lookups,[Lookups].[DischargeNoteType]
Lookups.DischargeNoteType,679,681,Lookups,[Lookups].[DischargeReason]
Lookups.DischargeReason,680,682,Lookups,[Lookups].[DischargeStatus]
Lookups.DischargeStatus,681,683,Lookups,[Lookups].[DispensingStatus]
Lookups.DispensingStatus,682,684,Lookups,[Lookups].[DMEMACRegion]
Lookups.DMEMACRegion,683,685,Lookups,[Lookups].[DocumentCategory]
Lookups.DocumentCategory,684,686,Lookups,[Lookups].[DocumentCertification]
Lookups.DocumentCertification,685,687,Lookups,[Lookups].[DocumentCF]
Lookups.DocumentCF,686,688,Lookups,[Lookups].[DocumentClass]
Lookups.DocumentClass,687,689,Lookups,[Lookups].[DocumentName]
Lookups.DocumentName,688,690,Lookups,[Lookups].[DocumentPartyRelationship]
Lookups.DocumentPartyRelationship,689,691,Lookups,[Lookups].[DocumentReturnCode]
Lookups.DocumentReturnCode,690,692,Lookups,[Lookups].[DocumentStatus]
Lookups.DocumentStatus,691,693,Lookups,[Lookups].[DocumentType]
Lookups.DocumentType,692,694,Lookups,[Lookups].[DocumentUse]
Lookups.DocumentUse,693,695,Lookups,[Lookups].[DosageForm]
Lookups.DosageForm,694,696,Lookups,[Lookups].[DownloadSource]
Lookups.DownloadSource,695,697,Lookups,[Lookups].[DrugCategory]
Lookups.DrugCategory,696,698,Lookups,[Lookups].[DrugReactionDuration]
Lookups.DrugReactionDuration,697,699,Lookups,[Lookups].[DrugReactionIntervention]
Lookups.DrugReactionIntervention,698,700,Lookups,[Lookups].[DrugReactionSeverity]
Lookups.DrugReactionSeverity,699,701,Lookups,[Lookups].[DrugReactionType]
Lookups.DrugReactionType,700,702,Lookups,[Lookups].[DrugRoute]
Lookups.DrugRoute,701,703,Lookups,[Lookups].[DrugScreeningResponseText]
Lookups.DrugScreeningResponseText,702,704,Lookups,[Lookups].[DrugScreeningType]
Lookups.DrugScreeningType,703,705,Lookups,[Lookups].[DrugUnit]
Lookups.DrugUnit,704,706,Lookups,[Lookups].[DURConflict]
Lookups.DURConflict,705,707,Lookups,[Lookups].[DURIntervention]
Lookups.DURIntervention,706,708,Lookups,[Lookups].[DUROutcome]
Lookups.DUROutcome,707,709,Lookups,[Lookups].[ElectronicClaimType]
Lookups.ElectronicClaimType,708,710,Lookups,[Lookups].[EligibilityCheckStatus]
Lookups.EligibilityCheckStatus,709,711,Lookups,[Lookups].[EligibilityClarificationCode]
Lookups.EligibilityClarificationCode,710,712,Lookups,[Lookups].[EligibilityDate]
Lookups.EligibilityDate,711,713,Lookups,[Lookups].[EligibilityEntityIDCode]
Lookups.EligibilityEntityIDCode,712,714,Lookups,[Lookups].[EligibilityEntityTypeQualifier]
Lookups.EligibilityEntityTypeQualifier,713,715,Lookups,[Lookups].[EligibilityFacilityTypeCode]
Lookups.EligibilityFacilityTypeCode,714,716,Lookups,[Lookups].[EligibilityFacilityTypeCodeQualifier]
Lookups.EligibilityFacilityTypeCodeQualifier,715,717,Lookups,[Lookups].[EligibilityIDCodeQualifier]
Lookups.EligibilityIDCodeQualifier,716,718,Lookups,[Lookups].[EligibilityProviderReferenceNumberQualifier]
Lookups.EligibilityProviderReferenceNumberQualifier,717,719,Lookups,[Lookups].[EligibilityProviderTypeCode]
Lookups.EligibilityProviderTypeCode,718,720,Lookups,[Lookups].[EligibilityRelationshipCode]
Lookups.EligibilityRelationshipCode,719,721,Lookups,[Lookups].[EligibilityServiceType]
Lookups.EligibilityServiceType,720,722,Lookups,[Lookups].[EmailType]
Lookups.EmailType,721,723,Lookups,[Lookups].[EmployeeAttendanceType]
Lookups.EmployeeAttendanceType,722,724,Lookups,[Lookups].[EmployeeDateType]
Lookups.EmployeeDateType,723,725,Lookups,[Lookups].[EmploymentStatusType]
Lookups.EmploymentStatusType,724,726,Lookups,[Lookups].[EnterpriseStatus]
Lookups.EnterpriseStatus,725,727,Lookups,[Lookups].[EntityType]
Lookups.EntityType,726,728,Lookups,[Lookups].[EquipmentBrand]
Lookups.EquipmentBrand,727,729,Lookups,[Lookups].[ERNAmountQualifier]
Lookups.ERNAmountQualifier,728,730,Lookups,[Lookups].[ERNBatchAdjustmentCode]
Lookups.ERNBatchAdjustmentCode,729,731,Lookups,[Lookups].[ERNClaimFilingCode]
Lookups.ERNClaimFilingCode,730,732,Lookups,[Lookups].[ERNClaimPartyType]
Lookups.ERNClaimPartyType,731,733,Lookups,[Lookups].[ERNClaimStatusCode]
Lookups.ERNClaimStatusCode,732,734,Lookups,[Lookups].[ERNPaymentMethod]
Lookups.ERNPaymentMethod,733,735,Lookups,[Lookups].[ERNReferenceIDQualifier]
Lookups.ERNReferenceIDQualifier,734,736,Lookups,[Lookups].[ERNRemarkQualifier]
Lookups.ERNRemarkQualifier,735,737,Lookups,[Lookups].[ErxDigitalSignatureStatus]
Lookups.ErxDigitalSignatureStatus,736,738,Lookups,[Lookups].[ErxMatchStatus]
Lookups.ErxMatchStatus,737,739,Lookups,[Lookups].[ErxStatus]
Lookups.ErxStatus,738,740,Lookups,[Lookups].[ErxTransactionType]
Lookups.ErxTransactionType,739,741,Lookups,[Lookups].[FacilityEmploymentStatus]
Lookups.FacilityEmploymentStatus,740,742,Lookups,[Lookups].[FacilityType]
Lookups.FacilityType,741,743,Lookups,[Lookups].[FacilityTypeQualifier]
Lookups.FacilityTypeQualifier,742,744,Lookups,[Lookups].[FactorDescription]
Lookups.FactorDescription,743,745,Lookups,[Lookups].[FieldCategory]
Lookups.FieldCategory,744,746,Lookups,[Lookups].[FieldType]
Lookups.FieldType,745,747,Lookups,[Lookups].[FiscalYear]
Lookups.FiscalYear,746,748,Lookups,[Lookups].[Frequency]
Lookups.Frequency,747,749,Lookups,[Lookups].[FrequencyInterval]
Lookups.FrequencyInterval,748,750,Lookups,[Lookups].[FTPProtocol]
Lookups.FTPProtocol,749,751,Lookups,[Lookups].[FunctionalLimitation]
Lookups.FunctionalLimitation,750,752,Lookups,[Lookups].[Gender]
Lookups.Gender,751,753,Lookups,[Lookups].[HcPc]
Lookups.HcPc,752,754,Lookups,[Lookups].[HcpcListType]
Lookups.HcpcListType,753,755,Lookups,[Lookups].[HcpcModifier]
Lookups.HcpcModifier,754,756,Lookups,[Lookups].[IllinoisCategoryServiceCode]
Lookups.IllinoisCategoryServiceCode,755,757,Lookups,[Lookups].[IllinoisCompound]
Lookups.IllinoisCompound,756,758,Lookups,[Lookups].[IllinoisDispenseAsWritten]
Lookups.IllinoisDispenseAsWritten,757,759,Lookups,[Lookups].[IllinoisInjuryCode]
Lookups.IllinoisInjuryCode,758,760,Lookups,[Lookups].[IllinoisPurchaseRental]
Lookups.IllinoisPurchaseRental,759,761,Lookups,[Lookups].[IllinoisTPLCode]
Lookups.IllinoisTPLCode,760,762,Lookups,[Lookups].[IllinoisTPLStatus]
Lookups.IllinoisTPLStatus,761,763,Lookups,[Lookups].[InboundProcessedStatus]
Lookups.InboundProcessedStatus,762,764,Lookups,[Lookups].[InfectionDxMethod]
Lookups.InfectionDxMethod,763,765,Lookups,[Lookups].[InfectionOrganism]
Lookups.InfectionOrganism,764,766,Lookups,[Lookups].[InfoReleaseCode]
Lookups.InfoReleaseCode,765,767,Lookups,[Lookups].[InfusionPeriod]
Lookups.InfusionPeriod,766,768,Lookups,[Lookups].[InsertionSite]
Lookups.InsertionSite,767,769,Lookups,[Lookups].[InsufficientMedsReason]
Lookups.InsufficientMedsReason,768,770,Lookups,[Lookups].[InsuranceProgram]
Lookups.InsuranceProgram,769,771,Lookups,[Lookups].[IntegrationFileType]
Lookups.IntegrationFileType,770,772,Lookups,[Lookups].[IntegrationStatus]
Lookups.IntegrationStatus,771,773,Lookups,[Lookups].[IntegrationVendor]
Lookups.IntegrationVendor,772,774,Lookups,[Lookups].[IntermediaryAuthType]
Lookups.IntermediaryAuthType,773,775,Lookups,[Lookups].[InventoryCategory]
Lookups.InventoryCategory,774,776,Lookups,[Lookups].[InventoryExternalUpdateType]
Lookups.InventoryExternalUpdateType,775,777,Lookups,[Lookups].[InventoryItemCompanyRankType]
Lookups.InventoryItemCompanyRankType,776,778,Lookups,[Lookups].[InventoryQuantityAvailability]
Lookups.InventoryQuantityAvailability,777,779,Lookups,[Lookups].[InventoryQuantityChangeReason]
Lookups.InventoryQuantityChangeReason,778,780,Lookups,[Lookups].[InventoryTransferReviewReason]
Lookups.InventoryTransferReviewReason,779,781,Lookups,[Lookups].[InventoryTransferStatus]
Lookups.InventoryTransferStatus,780,782,Lookups,[Lookups].[InventoryUnit]
Lookups.InventoryUnit,781,783,Lookups,[Lookups].[InvoiceDeletionReason]
Lookups.InvoiceDeletionReason,782,784,Lookups,[Lookups].[ItemBarcodeType]
Lookups.ItemBarcodeType,783,785,Lookups,[Lookups].[ItemCodeType]
Lookups.ItemCodeType,784,786,Lookups,[Lookups].[ItemPriceType]
Lookups.ItemPriceType,785,787,Lookups,[Lookups].[ItemStatus]
Lookups.ItemStatus,786,788,Lookups,[Lookups].[ItemType]
Lookups.ItemType,787,789,Lookups,[Lookups].[LabelLineType]
Lookups.LabelLineType,788,790,Lookups,[Lookups].[LabOrder]
Lookups.LabOrder,789,791,Lookups,[Lookups].[LabTest]
Lookups.LabTest,790,792,Lookups,[Lookups].[Language]
Lookups.Language,791,793,Lookups,[Lookups].[LevelOfEffort]
Lookups.LevelOfEffort,792,794,Lookups,[Lookups].[License]
Lookups.License,793,795,Lookups,[Lookups].[LicenseQualifier]
Lookups.LicenseQualifier,794,796,Lookups,[Lookups].[LipidDistribution]
Lookups.LipidDistribution,795,797,Lookups,[Lookups].[LoanedEquipmentActionType]
Lookups.LoanedEquipmentActionType,796,798,Lookups,[Lookups].[LocationType]
Lookups.LocationType,797,799,Lookups,[Lookups].[LoginType]
Lookups.LoginType,798,800,Lookups,[Lookups].[Manufacturer]
Lookups.Manufacturer,799,801,Lookups,[Lookups].[MaritalStatus]
Lookups.MaritalStatus,800,802,Lookups,[Lookups].[MeasurementDimension]
Lookups.MeasurementDimension,801,803,Lookups,[Lookups].[MeasurementUnit]
Lookups.MeasurementUnit,802,804,Lookups,[Lookups].[MediCalBasisofCost]
Lookups.MediCalBasisofCost,803,805,Lookups,[Lookups].[MediCalBillingLimitException]
Lookups.MediCalBillingLimitException,804,806,Lookups,[Lookups].[MediCalDosageForm]
Lookups.MediCalDosageForm,805,807,Lookups,[Lookups].[MediCalPatientLocationCode]
Lookups.MediCalPatientLocationCode,806,808,Lookups,[Lookups].[MediCalProductQualifier]
Lookups.MediCalProductQualifier,807,809,Lookups,[Lookups].[MedicareCBA]
Lookups.MedicareCBA,808,810,Lookups,[Lookups].[MedicareCBAProductCategory]
Lookups.MedicareCBAProductCategory,809,811,Lookups,[Lookups].[MedicareCBARound]
Lookups.MedicareCBARound,810,812,Lookups,[Lookups].[MedicareRequiredNDC]
Lookups.MedicareRequiredNDC,811,813,Lookups,[Lookups].[MedicareSecondaryProviderType]
Lookups.MedicareSecondaryProviderType,812,814,Lookups,[Lookups].[MediCareStatus]
Lookups.MediCareStatus,813,815,Lookups,[Lookups].[Medication]
Lookups.Medication,814,816,Lookups,[Lookups].[MedicationErrorType]
Lookups.MedicationErrorType,815,817,Lookups,[Lookups].[MedicationProfileClass]
Lookups.MedicationProfileClass,816,818,Lookups,[Lookups].[MissedDoseReason]
Lookups.MissedDoseReason,817,819,Lookups,[Lookups].[MOPriorAuthScreeningType]
Lookups.MOPriorAuthScreeningType,818,820,Lookups,[Lookups].[MOPriorAuthTypeOfPartial]
Lookups.MOPriorAuthTypeOfPartial,819,821,Lookups,[Lookups].[NameTitle]
Lookups.NameTitle,820,822,Lookups,[Lookups].[NameType]
Lookups.NameType,821,823,Lookups,[Lookups].[NDCUnitQualifier]
Lookups.NDCUnitQualifier,822,824,Lookups,[Lookups].[NotOtherwiseClassifiedCode]
Lookups.NotOtherwiseClassifiedCode,823,825,Lookups,[Lookups].[NutrientBodyUnit]
Lookups.NutrientBodyUnit,824,826,Lookups,[Lookups].[NutrientIntervalUnit]
Lookups.NutrientIntervalUnit,825,827,Lookups,[Lookups].[NutrientUoM]
Lookups.NutrientUoM,826,828,Lookups,[Lookups].[NYPriorApprovalOfficeCode]
Lookups.NYPriorApprovalOfficeCode,827,829,Lookups,[Lookups].[NYPriorApprovalProfessionCode]
Lookups.NYPriorApprovalProfessionCode,828,830,Lookups,[Lookups].[NYPriorApprovalRequestType]
Lookups.NYPriorApprovalRequestType,829,831,Lookups,[Lookups].[OrderType]
Lookups.OrderType,830,832,Lookups,[Lookups].[OtherCoverageCode]
Lookups.OtherCoverageCode,831,833,Lookups,[Lookups].[OutcomesIndicator]
Lookups.OutcomesIndicator,832,834,Lookups,[Lookups].[OwnershipStatus]
Lookups.OwnershipStatus,833,835,Lookups,[Lookups].[PainStatus]
Lookups.PainStatus,834,836,Lookups,[Lookups].[PAPAdjustmentReason]
Lookups.PAPAdjustmentReason,835,837,Lookups,[Lookups].[PAPStatus]
Lookups.PAPStatus,836,838,Lookups,[Lookups].[PartialFillIndicator]
Lookups.PartialFillIndicator,837,839,Lookups,[Lookups].[PartyType]
Lookups.PartyType,838,840,Lookups,[Lookups].[PatencyLossIntervention]
Lookups.PatencyLossIntervention,839,841,Lookups,[Lookups].[PatencyLossReason]
Lookups.PatencyLossReason,840,842,Lookups,[Lookups].[PatientActivity]
Lookups.PatientActivity,841,843,Lookups,[Lookups].[PatientCareAbility]
Lookups.PatientCareAbility,842,844,Lookups,[Lookups].[PatientCategory]
Lookups.PatientCategory,843,845,Lookups,[Lookups].[PatientDischargeStatus]
Lookups.PatientDischargeStatus,844,846,Lookups,[Lookups].[PatientElimination]
Lookups.PatientElimination,845,847,Lookups,[Lookups].[PatientEmploymentStatus]
Lookups.PatientEmploymentStatus,846,848,Lookups,[Lookups].[PatientLocation]
Lookups.PatientLocation,847,849,Lookups,[Lookups].[PatientMentalStatus]
Lookups.PatientMentalStatus,848,850,Lookups,[Lookups].[PatientNoteType]
Lookups.PatientNoteType,849,851,Lookups,[Lookups].[PatientOrderDrugFillType]
Lookups.PatientOrderDrugFillType,850,852,Lookups,[Lookups].[PatientOrderStatus]
Lookups.PatientOrderStatus,851,853,Lookups,[Lookups].[PatientOrderType]
Lookups.PatientOrderType,852,854,Lookups,[Lookups].[PatientOrderWorkflowStatus]
Lookups.PatientOrderWorkflowStatus,853,855,Lookups,[Lookups].[PatientRelationToInsured]
Lookups.PatientRelationToInsured,854,856,Lookups,[Lookups].[PatientResponsibilityQualifier]
Lookups.PatientResponsibilityQualifier,855,857,Lookups,[Lookups].[PatientStatisticType]
Lookups.PatientStatisticType,856,858,Lookups,[Lookups].[PatientStatus]
Lookups.PatientStatus,857,859,Lookups,[Lookups].[PatientSupportingDocumentField]
Lookups.PatientSupportingDocumentField,858,860,Lookups,[Lookups].[PatientSupportingDocumentFieldType]
Lookups.PatientSupportingDocumentFieldType,859,861,Lookups,[Lookups].[PatientSupportingDocumentType]
Lookups.PatientSupportingDocumentType,860,862,Lookups,[Lookups].[PaymentAssistanceGrantFundTransactionStatus]
Lookups.PaymentAssistanceGrantFundTransactionStatus,861,863,Lookups,[Lookups].[PaymentAssistanceRequestStatus]
Lookups.PaymentAssistanceRequestStatus,862,864,Lookups,[Lookups].[PaymentSourceCode]
Lookups.PaymentSourceCode,863,865,Lookups,[Lookups].[PayorType]
Lookups.PayorType,864,866,Lookups,[Lookups].[PerDiemBillingMethod]
Lookups.PerDiemBillingMethod,865,867,Lookups,[Lookups].[PerDiemType]
Lookups.PerDiemType,866,868,Lookups,[Lookups].[PersonType]
Lookups.PersonType,867,869,Lookups,[Lookups].[PharmacyClaimStatus]
Lookups.PharmacyClaimStatus,868,870,Lookups,[Lookups].[PharmacyCOBPayorItemType]
Lookups.PharmacyCOBPayorItemType,869,871,Lookups,[Lookups].[PharmacyPaymentQualifier]
Lookups.PharmacyPaymentQualifier,870,872,Lookups,[Lookups].[PharmacyPayorIDQualifier]
Lookups.PharmacyPayorIDQualifier,871,873,Lookups,[Lookups].[PharmacyRejectionCode]
Lookups.PharmacyRejectionCode,872,874,Lookups,[Lookups].[PharmacyResponseField]
Lookups.PharmacyResponseField,873,875,Lookups,[Lookups].[PharmacyResponseHex]
Lookups.PharmacyResponseHex,874,876,Lookups,[Lookups].[PharmacyResponseType]
Lookups.PharmacyResponseType,875,877,Lookups,[Lookups].[PharmacyStatus]
Lookups.PharmacyStatus,876,878,Lookups,[Lookups].[PhlebitisIntervention]
Lookups.PhlebitisIntervention,877,879,Lookups,[Lookups].[PhlebitisRanking]
Lookups.PhlebitisRanking,878,880,Lookups,[Lookups].[PhoneType]
Lookups.PhoneType,879,881,Lookups,[Lookups].[PhysicalInventoryBatchStatus]
Lookups.PhysicalInventoryBatchStatus,880,882,Lookups,[Lookups].[PhysicalInventoryCountSheetStatus]
Lookups.PhysicalInventoryCountSheetStatus,881,883,Lookups,[Lookups].[PhysicianOrder485Activity]
Lookups.PhysicianOrder485Activity,882,884,Lookups,[Lookups].[PhysicianOrder485FunctionalLimitation]
Lookups.PhysicianOrder485FunctionalLimitation,883,885,Lookups,[Lookups].[PhysicianOrder485MentalStatus]
Lookups.PhysicianOrder485MentalStatus,884,886,Lookups,[Lookups].[PhysicianOrder485Order]
Lookups.PhysicianOrder485Order,885,887,Lookups,[Lookups].[PhysicianOrderCertificationType]
Lookups.PhysicianOrderCertificationType,886,888,Lookups,[Lookups].[PhysicianOrderDMESupply]
Lookups.PhysicianOrderDMESupply,887,889,Lookups,[Lookups].[PhysicianOrderGoal]
Lookups.PhysicianOrderGoal,888,890,Lookups,[Lookups].[PhysicianOrderItemType]
Lookups.PhysicianOrderItemType,889,891,Lookups,[Lookups].[PhysicianOrderMentalStatus]
Lookups.PhysicianOrderMentalStatus,890,892,Lookups,[Lookups].[PhysicianOrderNutritionalRequirement]
Lookups.PhysicianOrderNutritionalRequirement,891,893,Lookups,[Lookups].[PhysicianOrderOrder]
Lookups.PhysicianOrderOrder,892,894,Lookups,[Lookups].[PhysicianOrderPatientLocation]
Lookups.PhysicianOrderPatientLocation,893,895,Lookups,[Lookups].[PhysicianOrderProblem]
Lookups.PhysicianOrderProblem,894,896,Lookups,[Lookups].[PhysicianOrderPrognosis]
Lookups.PhysicianOrderPrognosis,895,897,Lookups,[Lookups].[PhysicianOrderRehabPotential]
Lookups.PhysicianOrderRehabPotential,896,898,Lookups,[Lookups].[PhysicianOrderSafetyMeasure]
Lookups.PhysicianOrderSafetyMeasure,897,899,Lookups,[Lookups].[PhysicianOrderType]
Lookups.PhysicianOrderType,898,900,Lookups,[Lookups].[PickupQualifier]
Lookups.PickupQualifier,899,901,Lookups,[Lookups].[PlaceOfResidence]
Lookups.PlaceOfResidence,900,902,Lookups,[Lookups].[PlanForPayment]
Lookups.PlanForPayment,901,903,Lookups,[Lookups].[PointOfSaleAdjustmentReason]
Lookups.PointOfSaleAdjustmentReason,902,904,Lookups,[Lookups].[PointOfSaleDiscountType]
Lookups.PointOfSaleDiscountType,903,905,Lookups,[Lookups].[PointOfSaleLineItemReturnStatus]
Lookups.PointOfSaleLineItemReturnStatus,904,906,Lookups,[Lookups].[PointOfSaleLineItemSaleType]
Lookups.PointOfSaleLineItemSaleType,905,907,Lookups,[Lookups].[PointOfSalePaymentType]
Lookups.PointOfSalePaymentType,906,908,Lookups,[Lookups].[PointOfSaleRegisterStatus]
Lookups.PointOfSaleRegisterStatus,907,909,Lookups,[Lookups].[PointOfSaleReportType]
Lookups.PointOfSaleReportType,908,910,Lookups,[Lookups].[PointOfSaleTransactionType]
Lookups.PointOfSaleTransactionType,909,911,Lookups,[Lookups].[PolicyStatus]
Lookups.PolicyStatus,910,912,Lookups,[Lookups].[PotencyUnitCode]
Lookups.PotencyUnitCode,911,913,Lookups,[Lookups].[PreferredMethodOfContact]
Lookups.PreferredMethodOfContact,912,914,Lookups,[Lookups].[PrescriptionAuthorizationType]
Lookups.PrescriptionAuthorizationType,913,915,Lookups,[Lookups].[PrescriptionBillingMethod]
Lookups.PrescriptionBillingMethod,914,916,Lookups,[Lookups].[PrescriptionDescription]
Lookups.PrescriptionDescription,915,917,Lookups,[Lookups].[PrescriptionDispenseConstraint]
Lookups.PrescriptionDispenseConstraint,916,918,Lookups,[Lookups].[PrescriptionFillStatus]
Lookups.PrescriptionFillStatus,917,919,Lookups,[Lookups].[PrescriptionFillType]
Lookups.PrescriptionFillType,918,920,Lookups,[Lookups].[PrescriptionFormat]
Lookups.PrescriptionFormat,919,921,Lookups,[Lookups].[PrescriptionLabelMessage]
Lookups.PrescriptionLabelMessage,920,922,Lookups,[Lookups].[PrescriptionOrigin]
Lookups.PrescriptionOrigin,921,923,Lookups,[Lookups].[PrescriptionStatus]
Lookups.PrescriptionStatus,922,924,Lookups,[Lookups].[PrescriptionTemplateLineType]
Lookups.PrescriptionTemplateLineType,923,925,Lookups,[Lookups].[PrescriptionTemplateType]
Lookups.PrescriptionTemplateType,924,926,Lookups,[Lookups].[PrescriptionTransferFormat]
Lookups.PrescriptionTransferFormat,925,927,Lookups,[Lookups].[PrescriptionVolume]
Lookups.PrescriptionVolume,926,928,Lookups,[Lookups].[PriceCode]
Lookups.PriceCode,927,929,Lookups,[Lookups].[PriceType]
Lookups.PriceType,928,930,Lookups,[Lookups].[PriorAuthAttachmentIndicator]
Lookups.PriorAuthAttachmentIndicator,929,931,Lookups,[Lookups].[PriorAuthBasisOfRequest]
Lookups.PriorAuthBasisOfRequest,930,932,Lookups,[Lookups].[PriorAuthRequestType]
Lookups.PriorAuthRequestType,931,933,Lookups,[Lookups].[PriorAuthResidenceStatusCode]
Lookups.PriorAuthResidenceStatusCode,932,934,Lookups,[Lookups].[Procedure]
Lookups.Procedure,933,935,Lookups,[Lookups].[ProductDescription]
Lookups.ProductDescription,934,936,Lookups,[Lookups].[ProductType]
Lookups.ProductType,935,937,Lookups,[Lookups].[ProgressNotesKeywords]
Lookups.ProgressNotesKeywords,936,938,Lookups,[Lookups].[ProviderSpecialty]
Lookups.ProviderSpecialty,937,939,Lookups,[Lookups].[ProviderType]
Lookups.ProviderType,938,940,Lookups,[Lookups].[PumpType]
Lookups.PumpType,939,941,Lookups,[Lookups].[PurchaseOrderStatus]
Lookups.PurchaseOrderStatus,940,942,Lookups,[Lookups].[QSTiming]
Lookups.QSTiming,941,943,Lookups,[Lookups].[QuantityDeductedStatus]
Lookups.QuantityDeductedStatus,942,944,Lookups,[Lookups].[ReadyToBillStatus]
Lookups.ReadyToBillStatus,943,945,Lookups,[Lookups].[RecordStatus]
Lookups.RecordStatus,944,946,Lookups,[Lookups].[RecurringRentalActionType]
Lookups.RecurringRentalActionType,945,947,Lookups,[Lookups].[RecurringRentalBillingFrequency]
Lookups.RecurringRentalBillingFrequency,946,948,Lookups,[Lookups].[RecurringRentalHold]
Lookups.RecurringRentalHold,947,949,Lookups,[Lookups].[RecurringRentalLetterType]
Lookups.RecurringRentalLetterType,948,950,Lookups,[Lookups].[RecurringRentalRentOrPurchaseLetterResponse]
Lookups.RecurringRentalRentOrPurchaseLetterResponse,949,951,Lookups,[Lookups].[RecurringTask]
Lookups.RecurringTask,950,952,Lookups,[Lookups].[RelationshipType]
Lookups.RelationshipType,951,953,Lookups,[Lookups].[REMSNDC]
Lookups.REMSNDC,952,954,Lookups,[Lookups].[REMSPatientType]
Lookups.REMSPatientType,953,955,Lookups,[Lookups].[ReportDefinition]
Lookups.ReportDefinition,954,956,Lookups,[Lookups].[ReportGroup]
Lookups.ReportGroup,955,957,Lookups,[Lookups].[ReportType]
Lookups.ReportType,956,958,Lookups,[Lookups].[ResidentStatus]
Lookups.ResidentStatus,957,959,Lookups,[Lookups].[RevenueCode]
Lookups.RevenueCode,958,960,Lookups,[Lookups].[RouteStatus]
Lookups.RouteStatus,959,961,Lookups,[Lookups].[SalesTaxBasis]
Lookups.SalesTaxBasis,960,962,Lookups,[Lookups].[ScheduleLinkType]
Lookups.ScheduleLinkType,961,963,Lookups,[Lookups].[ServiceArea]
Lookups.ServiceArea,962,964,Lookups,[Lookups].[ServiceSite]
Lookups.ServiceSite,963,965,Lookups,[Lookups].[ServiceTaskStatus]
Lookups.ServiceTaskStatus,964,966,Lookups,[Lookups].[ServiceTaskType]
Lookups.ServiceTaskType,965,967,Lookups,[Lookups].[ServiceType]
Lookups.ServiceType,966,968,Lookups,[Lookups].[SessionType]
Lookups.SessionType,967,969,Lookups,[Lookups].[SettingCategory]
Lookups.SettingCategory,968,970,Lookups,[Lookups].[SettingDataType]
Lookups.SettingDataType,969,971,Lookups,[Lookups].[SettingType]
Lookups.SettingType,970,972,Lookups,[Lookups].[SettingTypeOption]
Lookups.SettingTypeOption,971,973,Lookups,[Lookups].[ShippingMethod]
Lookups.ShippingMethod,972,974,Lookups,[Lookups].[ShippingPackageType]
Lookups.ShippingPackageType,973,975,Lookups,[Lookups].[ShippingServiceType]
Lookups.ShippingServiceType,974,976,Lookups,[Lookups].[SHP_DeliverySystem]
Lookups.SHP_DeliverySystem,975,977,Lookups,[Lookups].[SHP_DeliverySystemBrand]
Lookups.SHP_DeliverySystemBrand,976,978,Lookups,[Lookups].[SHP_EnteralDevice]
Lookups.SHP_EnteralDevice,977,979,Lookups,[Lookups].[SignatureSource]
Lookups.SignatureSource,978,980,Lookups,[Lookups].[SolubilityCurveStatus]
Lookups.SolubilityCurveStatus,979,981,Lookups,[Lookups].[SpecialProgramCode]
Lookups.SpecialProgramCode,980,982,Lookups,[Lookups].[SpeciesCode]
Lookups.SpeciesCode,981,983,Lookups,[Lookups].[State]
Lookups.State,982,984,Lookups,[Lookups].[StorageInstruction]
Lookups.StorageInstruction,983,985,Lookups,[Lookups].[StorageState]
Lookups.StorageState,984,986,Lookups,[Lookups].[SubcutaneousInfectionIntervention]
Lookups.SubcutaneousInfectionIntervention,985,987,Lookups,[Lookups].[SubmissionClarificationCode]
Lookups.SubmissionClarificationCode,986,988,Lookups,[Lookups].[SupplyMechanism]
Lookups.SupplyMechanism,987,989,Lookups,[Lookups].[SynagisDelivery]
Lookups.SynagisDelivery,988,990,Lookups,[Lookups].[SynagisDistributor]
Lookups.SynagisDistributor,989,991,Lookups,[Lookups].[SynagisDoseStatus]
Lookups.SynagisDoseStatus,990,992,Lookups,[Lookups].[SynagisEduMaterials]
Lookups.SynagisEduMaterials,991,993,Lookups,[Lookups].[SynagisMissedDoseReason]
Lookups.SynagisMissedDoseReason,992,994,Lookups,[Lookups].[SynagisPatientSat]
Lookups.SynagisPatientSat,993,995,Lookups,[Lookups].[SynagisReactionReason]
Lookups.SynagisReactionReason,994,996,Lookups,[Lookups].[SynagisReactionSeverity]
Lookups.SynagisReactionSeverity,995,997,Lookups,[Lookups].[SynagisReason]
Lookups.SynagisReason,996,998,Lookups,[Lookups].[SynagisReferralSource]
Lookups.SynagisReferralSource,997,999,Lookups,[Lookups].[SynagisRiskFactor]
Lookups.SynagisRiskFactor,998,1000,Lookups,[Lookups].[SynagisStatus]
Lookups.SynagisStatus,999,1001,Lookups,[Lookups].[TARPatientStatus]
Lookups.TARPatientStatus,1000,1002,Lookups,[Lookups].[TARTypeOfService]
Lookups.TARTypeOfService,1001,1003,Lookups,[Lookups].[TaskSource]
Lookups.TaskSource,1002,1004,Lookups,[Lookups].[TaskStatus]
Lookups.TaskStatus,1003,1005,Lookups,[Lookups].[TaskSubject]
Lookups.TaskSubject,1004,1006,Lookups,[Lookups].[TaskType]
Lookups.TaskType,1005,1007,Lookups,[Lookups].[TaxAssessment]
Lookups.TaxAssessment,1006,1008,Lookups,[Lookups].[TaxClaimOption]
Lookups.TaxClaimOption,1007,1009,Lookups,[Lookups].[TaxCode]
Lookups.TaxCode,1008,1010,Lookups,[Lookups].[TaxonomyCode]
Lookups.TaxonomyCode,1009,1011,Lookups,[Lookups].[TeachingLevel]
Lookups.TeachingLevel,1010,1012,Lookups,[Lookups].[Team]
Lookups.Team,1011,1013,Lookups,[Lookups].[TemplateClass]
Lookups.TemplateClass,1012,1014,Lookups,[Lookups].[TemplateType]
Lookups.TemplateType,1013,1015,Lookups,[Lookups].[TherapeuticRangeFrequency]
Lookups.TherapeuticRangeFrequency,1014,1016,Lookups,[Lookups].[TherapeuticRangeUnit]
Lookups.TherapeuticRangeUnit,1015,1017,Lookups,[Lookups].[TherapyProvided]
Lookups.TherapyProvided,1016,1018,Lookups,[Lookups].[TherapyType]
Lookups.TherapyType,1017,1019,Lookups,[Lookups].[TicketItemBillingHold]
Lookups.TicketItemBillingHold,1018,1020,Lookups,[Lookups].[TicketItemStatus]
Lookups.TicketItemStatus,1019,1021,Lookups,[Lookups].[TicketItemType]
Lookups.TicketItemType,1020,1022,Lookups,[Lookups].[TicketStatus]
Lookups.TicketStatus,1021,1023,Lookups,[Lookups].[TimeZones]
Lookups.TimeZones,1022,1024,Lookups,[Lookups].[TPNCategory]
Lookups.TPNCategory,1023,1025,Lookups,[Lookups].[TPNIngredientType]
Lookups.TPNIngredientType,1024,1026,Lookups,[Lookups].[TPNNutrientType]
Lookups.TPNNutrientType,1025,1027,Lookups,[Lookups].[TPNQualifier]
Lookups.TPNQualifier,1026,1028,Lookups,[Lookups].[TPNUoM]
Lookups.TPNUoM,1027,1029,Lookups,[Lookups].[TrackingBarcodeDefault]
Lookups.TrackingBarcodeDefault,1028,1030,Lookups,[Lookups].[TransferCareGiven]
Lookups.TransferCareGiven,1029,1031,Lookups,[Lookups].[TransferNoteType]
Lookups.TransferNoteType,1030,1032,Lookups,[Lookups].[TransferOutcome]
Lookups.TransferOutcome,1031,1033,Lookups,[Lookups].[TransferReason]
Lookups.TransferReason,1032,1034,Lookups,[Lookups].[TransferStatus]
Lookups.TransferStatus,1033,1035,Lookups,[Lookups].[TransmissionStatus]
Lookups.TransmissionStatus,1034,1036,Lookups,[Lookups].[TransmissionType]
Lookups.TransmissionType,1035,1037,Lookups,[Lookups].[UB04AdmissionHour]
Lookups.UB04AdmissionHour,1036,1038,Lookups,[Lookups].[UB04AdmissionSource]
Lookups.UB04AdmissionSource,1037,1039,Lookups,[Lookups].[UB04AdmitType]
Lookups.UB04AdmitType,1038,1040,Lookups,[Lookups].[UB04ConditionCode]
Lookups.UB04ConditionCode,1039,1041,Lookups,[Lookups].[UB04OccurrenceCode]
Lookups.UB04OccurrenceCode,1040,1042,Lookups,[Lookups].[UB04PatientDischargeStatus]
Lookups.UB04PatientDischargeStatus,1041,1043,Lookups,[Lookups].[UB04PresentonAdmission]
Lookups.UB04PresentonAdmission,1042,1044,Lookups,[Lookups].[UB04ValueCode]
Lookups.UB04ValueCode,1043,1045,Lookups,[Lookups].[UnappliedPaymentType]
Lookups.UnappliedPaymentType,1044,1046,Lookups,[Lookups].[UnitDoseIndicator]
Lookups.UnitDoseIndicator,1045,1047,Lookups,[Lookups].[UnitofMeasure]
Lookups.UnitofMeasure,1046,1048,Lookups,[Lookups].[UnscheduledHospitalizationReason]
Lookups.UnscheduledHospitalizationReason,1047,1049,Lookups,[Lookups].[UPNQualifier]
Lookups.UPNQualifier,1048,1050,Lookups,[Lookups].[UrgentCareVisitReason]
Lookups.UrgentCareVisitReason,1049,1051,Lookups,[Lookups].[UserDefinedAllergy]
Lookups.UserDefinedAllergy,1050,1052,Lookups,[Lookups].[UserSettingType]
Lookups.UserSettingType,1051,1053,Lookups,[Lookups].[VisitLocation]
Lookups.VisitLocation,1052,1054,Lookups,[Lookups].[VisitReportCardio]
Lookups.VisitReportCardio,1053,1055,Lookups,[Lookups].[VisitReportEENT]
Lookups.VisitReportEENT,1054,1056,Lookups,[Lookups].[VisitReportEndo]
Lookups.VisitReportEndo,1055,1057,Lookups,[Lookups].[VisitReportGI]
Lookups.VisitReportGI,1056,1058,Lookups,[Lookups].[VisitReportGU]
Lookups.VisitReportGU,1057,1059,Lookups,[Lookups].[VisitReportMental]
Lookups.VisitReportMental,1058,1060,Lookups,[Lookups].[VisitReportMuskulo]
Lookups.VisitReportMuskulo,1059,1061,Lookups,[Lookups].[VisitReportNeuro]
Lookups.VisitReportNeuro,1060,1062,Lookups,[Lookups].[VisitReportPrescriptionStatus]
Lookups.VisitReportPrescriptionStatus,1061,1063,Lookups,[Lookups].[VisitReportResp]
Lookups.VisitReportResp,1062,1064,Lookups,[Lookups].[VisitReportResponse]
Lookups.VisitReportResponse,1063,1065,Lookups,[Lookups].[VisitReportSkin]
Lookups.VisitReportSkin,1064,1066,Lookups,[Lookups].[VisitType]
Lookups.VisitType,1065,1067,Lookups,[Lookups].[VoidReason]
Lookups.VoidReason,1066,1068,Lookups,[Lookups].[VoidReturnStatus]
Lookups.VoidReturnStatus,1067,1069,Lookups,[Lookups].[WorkflowChartType]
Lookups.WorkflowChartType,1068,1070,Lookups,[Lookups].[WorkflowGroup]
Lookups.WorkflowGroup,1069,1071,Lookups,[Lookups].[WorkflowMeasure]
Lookups.WorkflowMeasure,1070,1072,Lookups,[Lookups].[WorkflowMetricType]
Lookups.WorkflowMetricType,1071,1073,Lookups,[Lookups].[WorkflowTimeDurationType]
Lookups.WorkflowTimeDurationType,1072,1074,Lookups,[Lookups].[X12IDQualifier]
Lookups.X12IDQualifier,1073,1075,Lookups,[Lookups].[X12LineItemStatusCode]
Lookups.X12LineItemStatusCode,1074,1076,Lookups,[Lookups].[X12ServiceAllowanceChargeCode]
Lookups.X12ServiceAllowanceChargeCode,1075,1077,Lookups,[Lookups].[X12TermsOfPaymentCode]
Lookups.X12TermsOfPaymentCode,1076,1078,Lookups,[Lookups].[X12UnitOrBasisForMeasurementCode]
Lookups.X12UnitOrBasisForMeasurementCode,1077,1079,Lookups,[Outcomes].[CompanyIndicatorKeyword]
Outcomes.CompanyIndicatorKeyword,1078,1080,Outcomes,[Outcomes].[CompanyOutcomesIndicator]
Outcomes.CompanyOutcomesIndicator,1079,1081,Outcomes,[Outcomes].[OutcomeOccurrence]
Outcomes.OutcomeOccurrence,1080,1082,Outcomes,[Outcomes].[PatientOutcomesIndicator]
Outcomes.PatientOutcomesIndicator,1081,1083,Outcomes,[Patient].[DiagnosisCode]
Patient.DiagnosisCode,1082,1084,Patient,[Patient].[DiagnosisCode10]
Patient.DiagnosisCode10,1083,1085,Patient,[Patient].[DiagnosisRelation]
Patient.DiagnosisRelation,1084,1086,Patient,[Patient].[Patient]
Patient.Patient,1085,1087,Patient,[Patient].[PatientAllergy]
Patient.PatientAllergy,1087,1089,Patient,[Patient].[PatientCatheter]
Patient.PatientCatheter,1089,1091,Patient,[Patient].[PatientCultrSens]
Patient.PatientCultrSens,1091,1093,Patient,[Patient].[PatientDiagnosis]
Patient.PatientDiagnosis,1092,1094,Patient,[Patient].[PatientFacility]
Patient.PatientFacility,1094,1096,Patient,[Patient].[PatientLabOrder]
Patient.PatientLabOrder,1096,1098,Patient,[Patient].[PatientPolicy]
Patient.PatientPolicy,1097,1099,Patient,[Patient].[PatientPolicyPAPDetail]
Patient.PatientPolicyPAPDetail,1100,1102,Patient,[Patient].[PatientProcedure]
Patient.PatientProcedure,1101,1103,Patient,[Patient].[PatientProvider]
Patient.PatientProvider,1102,1104,Patient,[Patient].[PatientReferrals]
Patient.PatientReferrals,1103,1105,Patient,[Patient].[PatientShpDemographic]
Patient.PatientShpDemographic,1104,1106,Patient,[Patient].[PatientStatistic]
Patient.PatientStatistic,1105,1107,Patient,[Patient].[PatientStatusHistory]
Patient.PatientStatusHistory,1106,1108,Patient,[PointOfSale].[PaymentTransaction]
PointOfSale.PaymentTransaction,1107,1109,PointOfSale,[PointOfSale].[Register]
PointOfSale.Register,1109,1111,PointOfSale,[PointOfSale].[RegisterHistory]
PointOfSale.RegisterHistory,1110,1112,PointOfSale,[PointOfSale].[Transaction]
PointOfSale.Transaction,1112,1114,PointOfSale,[PointOfSale].[TransactionLineItem]
PointOfSale.TransactionLineItem,1114,1116,PointOfSale,[PointOfSale].[TransactionLineItemDiagnosisCode]
PointOfSale.TransactionLineItemDiagnosisCode,1117,1119,PointOfSale,[PointOfSale].[TransactionLineItemQuantityDeducted]
PointOfSale.TransactionLineItemQuantityDeducted,1118,1120,PointOfSale,[PointOfSale].[TransactionLineItemTax]
PointOfSale.TransactionLineItemTax,1120,1122,PointOfSale,[PointOfSale].[Workstation]
PointOfSale.Workstation,1121,1123,PointOfSale,[Prescription].[AuthorizationByPass]
Prescription.AuthorizationByPass,1122,1124,Prescription,[Prescription].[ControlledSubstanceStateRaw]
Prescription.ControlledSubstanceStateRaw,1123,1125,Prescription,[Prescription].[CSPrescriptionSent]
Prescription.CSPrescriptionSent,1124,1126,Prescription,[Prescription].[CSReportingFrequency]
Prescription.CSReportingFrequency,1125,1127,Prescription,[Prescription].[DrugScreeningResponse]
Prescription.DrugScreeningResponse,1126,1128,Prescription,[Prescription].[DrugScreeningResponseDetail]
Prescription.DrugScreeningResponseDetail,1127,1129,Prescription,[Prescription].[PatientOrder]
Prescription.PatientOrder,1129,1131,Prescription,[Prescription].[PatientOrderDiagnosis]
Prescription.PatientOrderDiagnosis,1133,1135,Prescription,[Prescription].[PatientOrderDrug]
Prescription.PatientOrderDrug,1134,1136,Prescription,[Prescription].[PatientOrderHME]
Prescription.PatientOrderHME,1136,1138,Prescription,[Prescription].[PatientOrderHMEBIPAP]
Prescription.PatientOrderHMEBIPAP,1137,1139,Prescription,[Prescription].[PatientOrderHMECPAP]
Prescription.PatientOrderHMECPAP,1139,1141,Prescription,[Prescription].[PatientOrderItem]
Prescription.PatientOrderItem,1141,1143,Prescription,[Prescription].[PatientOrderItemFactor]
Prescription.PatientOrderItemFactor,1143,1145,Prescription,[Prescription].[PatientOrderREMS]
Prescription.PatientOrderREMS,1144,1146,Prescription,[Prescription].[PatientOrderSHP]
Prescription.PatientOrderSHP,1145,1147,Prescription,[Prescription].[PatientOrderStatusHistory]
Prescription.PatientOrderStatusHistory,1146,1148,Prescription,[Prescription].[PharmacistAuthorization]
Prescription.PharmacistAuthorization,1147,1149,Prescription,[Prescription].[Prescription]
Prescription.Prescription,1148,1150,Prescription,[Prescription].[PrescriptionAuthorization]
Prescription.PrescriptionAuthorization,1150,1152,Prescription,[Prescription].[PrescriptionDose]
Prescription.PrescriptionDose,1151,1153,Prescription,[Prescription].[PrescriptionFill]
Prescription.PrescriptionFill,1152,1154,Prescription,[Prescription].[PrescriptionFillControlledSubstance]
Prescription.PrescriptionFillControlledSubstance,1155,1157,Prescription,[Prescription].[PrescriptionFillDocument]
Prescription.PrescriptionFillDocument,1157,1159,Prescription,[Prescription].[PrescriptionFillDose]
Prescription.PrescriptionFillDose,1158,1160,Prescription,[Prescription].[PrescriptionFillItem]
Prescription.PrescriptionFillItem,1160,1162,Prescription,[Prescription].[PrescriptionFillItemQuantityDeducted]
Prescription.PrescriptionFillItemQuantityDeducted,1162,1164,Prescription,[Prescription].[PrescriptionFillItemTax]
Prescription.PrescriptionFillItemTax,1163,1165,Prescription,[Prescription].[PrescriptionFillTPN]
Prescription.PrescriptionFillTPN,1164,1166,Prescription,[Prescription].[PrescriptionFillTPNItem]
Prescription.PrescriptionFillTPNItem,1166,1168,Prescription,[Prescription].[PrescriptionFillTPNNutrient]
Prescription.PrescriptionFillTPNNutrient,1168,1170,Prescription,[Prescription].[PrescriptionLabel]
Prescription.PrescriptionLabel,1170,1172,Prescription,[Prescription].[PrescriptionLabelLine]
Prescription.PrescriptionLabelLine,1171,1173,Prescription,[Prescription].[PrescriptionSequence]
Prescription.PrescriptionSequence,1172,1174,Prescription,[Prescription].[PrescriptionSignOff]
Prescription.PrescriptionSignOff,1173,1175,Prescription,[Prescription].[PrescriptionStatusHistory]
Prescription.PrescriptionStatusHistory,1174,1176,Prescription,[Pricing].[BillingOptionModelElement]
Pricing.BillingOptionModelElement,1175,1177,Pricing,[Pricing].[BillingOptionsCategoryRule]
Pricing.BillingOptionsCategoryRule,1176,1178,Pricing,[Pricing].[BillingOptionsDefaultRule]
Pricing.BillingOptionsDefaultRule,1177,1179,Pricing,[Pricing].[BillingOptionSet]
Pricing.BillingOptionSet,1178,1180,Pricing,[Pricing].[BillingOptionsExplicitItemRule]
Pricing.BillingOptionsExplicitItemRule,1180,1182,Pricing,[Pricing].[BillingOptionsHcPcRule]
Pricing.BillingOptionsHcPcRule,1182,1184,Pricing,[Pricing].[BillingOptionsModel]
Pricing.BillingOptionsModel,1183,1185,Pricing,[Pricing].[BillingOptionsPriceCodeRule]
Pricing.BillingOptionsPriceCodeRule,1184,1186,Pricing,[Pricing].[CarrierDocumentationModel]
Pricing.CarrierDocumentationModel,1185,1187,Pricing,[Pricing].[DocumentationCategoryRule]
Pricing.DocumentationCategoryRule,1186,1188,Pricing,[Pricing].[DocumentationDefaultRule]
Pricing.DocumentationDefaultRule,1188,1190,Pricing,[Pricing].[DocumentationExplicitItemRule]
Pricing.DocumentationExplicitItemRule,1190,1192,Pricing,[Pricing].[DocumentationHcpcRule]
Pricing.DocumentationHcpcRule,1192,1194,Pricing,[Pricing].[DocumentationModel]
Pricing.DocumentationModel,1194,1196,Pricing,[Pricing].[DocumentationModelElement]
Pricing.DocumentationModelElement,1195,1197,Pricing,[Pricing].[DocumentationPriceCodeRule]
Pricing.DocumentationPriceCodeRule,1196,1198,Pricing,[Pricing].[MCRFeeSchedule]
Pricing.MCRFeeSchedule,1198,1200,Pricing,[Pricing].[MedicareCBACompany]
Pricing.MedicareCBACompany,1200,1202,Pricing,[Pricing].[MedicareCBAProductCategoryRound]
Pricing.MedicareCBAProductCategoryRound,1201,1203,Pricing,[Pricing].[MedicareCBARatesRaw]
Pricing.MedicareCBARatesRaw,1202,1204,Pricing,[Pricing].[MedicareCBARound]
Pricing.MedicareCBARound,1203,1205,Pricing,[Pricing].[MedicareCBAZIPCodes]
Pricing.MedicareCBAZIPCodes,1204,1206,Pricing,[Pricing].[PartyBillingOptionsModel]
Pricing.PartyBillingOptionsModel,1205,1207,Pricing,[Pricing].[PartyPricingModel]
Pricing.PartyPricingModel,1206,1208,Pricing,[Pricing].[PriceCodeBaseBillingOptions]
Pricing.PriceCodeBaseBillingOptions,1207,1209,Pricing,[Pricing].[PriceCodeBasePrice]
Pricing.PriceCodeBasePrice,1208,1210,Pricing,[Pricing].[PricingCategoryRule]
Pricing.PricingCategoryRule,1210,1212,Pricing,[Pricing].[PricingDefaultRule]
Pricing.PricingDefaultRule,1212,1214,Pricing,[Pricing].[PricingExplicitItemRule]
Pricing.PricingExplicitItemRule,1213,1215,Pricing,[Pricing].[PricingHcPcRule]
Pricing.PricingHcPcRule,1215,1217,Pricing,[Pricing].[PricingMCRFeeRule]
Pricing.PricingMCRFeeRule,1217,1219,Pricing,[Pricing].[PricingModel]
Pricing.PricingModel,1218,1220,Pricing,[Pricing].[PricingModelElement]
Pricing.PricingModelElement,1219,1221,Pricing,[Pricing].[PricingPriceCodeRule]
Pricing.PricingPriceCodeRule,1220,1222,Pricing,[Pricing].[TaxArea]
Pricing.TaxArea,1222,1224,Pricing,[Pricing].[TaxAreaRule]
Pricing.TaxAreaRule,1223,1225,Pricing,[Pricing].[TaxRule]
Pricing.TaxRule,1224,1226,Pricing,[Pricing].[TaxRuleItem]
Pricing.TaxRuleItem,1225,1227,Pricing,[Pricing].[TaxTemplate]
Pricing.TaxTemplate,1227,1229,Pricing,[Pricing].[TaxTemplateArea]
Pricing.TaxTemplateArea,1228,1230,Pricing,[Provider].[Facility]
Provider.Facility,1229,1231,Provider,[Provider].[PECOSPrescribers]
Provider.PECOSPrescribers,1230,1232,Provider,[Provider].[Provider]
Provider.Provider,1231,1233,Provider,[Provider].[ProviderFacility]
Provider.ProviderFacility,1232,1234,Provider,[PurchaseOrder].[PurchaseOrder]
PurchaseOrder.PurchaseOrder,1233,1235,PurchaseOrder,[PurchaseOrder].[PurchaseOrderDetail]
PurchaseOrder.PurchaseOrderDetail,1235,1237,PurchaseOrder,[PurchaseOrder].[PurchaseOrderDetailConfirmation]
PurchaseOrder.PurchaseOrderDetailConfirmation,1237,1239,PurchaseOrder,[PurchaseOrder].[PurchaseOrderDocument]
PurchaseOrder.PurchaseOrderDocument,1238,1240,PurchaseOrder,[PurchaseOrder].[PurchaseOrderTemplate]
PurchaseOrder.PurchaseOrderTemplate,1239,1241,PurchaseOrder,[PurchaseOrder].[PurchaseOrderTemplateDetail]
PurchaseOrder.PurchaseOrderTemplateDetail,1240,1242,PurchaseOrder,[Reporting].[ContolledSubstanceReportingTemplate]
Reporting.ContolledSubstanceReportingTemplate,1241,1243,Reporting,[Reporting].[StateDEASchedule]
Reporting.StateDEASchedule,1242,1244,Reporting,[Security].[Application]
Security.Application,1243,1245,Security,[Security].[ApplicationGroup]
Security.ApplicationGroup,1244,1246,Security,[Security].[ApplicationGroupMember]
Security.ApplicationGroupMember,1245,1247,Security,[Security].[Authorization]
Security.Authorization,1246,1248,Security,[Security].[AuthorizationItem]
Security.AuthorizationItem,1248,1250,Security,[Security].[AuthorizationLog]
Security.AuthorizationLog,1249,1251,Security,[Security].[AuthorizationStore]
Security.AuthorizationStore,1250,1252,Security,[Security].[AuthorizationStoreGroup]
Security.AuthorizationStoreGroup,1251,1253,Security,[Security].[AuthorizationStoreGroupMember]
Security.AuthorizationStoreGroupMember,1252,1254,Security,[Security].[DHSUser]
Security.DHSUser,1253,1255,Security,[Security].[ItemHierarchy]
Security.ItemHierarchy,1255,1257,Security,[Security].[Licensing]
Security.Licensing,1256,1258,Security,[Security].[SettingValue]
Security.SettingValue,1257,1259,Security,[Security].[UserSession]
Security.UserSession,1258,1260,Security,[Security].[UserSetting]
Security.UserSetting,1259,1261,Security,[Template].[CustomPatientDocumentTemplate]
Template.CustomPatientDocumentTemplate,1260,1262,Template,[Template].[DocumentTemplate]
Template.DocumentTemplate,1261,1263,Template,[Template].[DocumentTemplateLine]
Template.DocumentTemplateLine,1262,1264,Template,[Template].[IncomingDocumentPath]
Template.IncomingDocumentPath,1264,1266,Template,[Template].[IncomingDocumentPathCompany]
Template.IncomingDocumentPathCompany,1265,1267,Template,[Template].[IncomingDocumentPathDevice]
Template.IncomingDocumentPathDevice,1266,1268,Template,[Template].[IncomingDocumentPathNumber]
Template.IncomingDocumentPathNumber,1267,1269,Template,[Template].[IncomingDocumentPathWorkflowGroup]
Template.IncomingDocumentPathWorkflowGroup,1268,1270,Template,[Template].[LabProfile]
Template.LabProfile,1269,1271,Template,[Template].[LabProfileTest]
Template.LabProfileTest,1270,1272,Template,[Template].[OrderTemplate]
Template.OrderTemplate,1271,1273,Template,[Template].[OrderTemplateAncillaryOrder]
Template.OrderTemplateAncillaryOrder,1273,1275,Template,[Template].[PatientNoteTemplate]
Template.PatientNoteTemplate,1274,1276,Template,[Template].[PrescriptionTemplate]
Template.PrescriptionTemplate,1275,1277,Template,[Template].[PrescriptionTemplateInventoryItem]
Template.PrescriptionTemplateInventoryItem,1276,1278,Template,[Template].[PrescriptionTemplateLine]
Template.PrescriptionTemplateLine,1277,1279,Template,[Template].[PrescriptionTemplateTPN]
Template.PrescriptionTemplateTPN,1278,1280,Template,[Template].[PrescriptionTemplateTPNItem]
Template.PrescriptionTemplateTPNItem,1279,1281,Template,[Template].[X12Definition]
Template.X12Definition,1281,1283,Template,[Utilities].[ASPStagingTable]
Utilities.ASPStagingTable,1282,1284,Utilities,[Utilities].[AsyncProcess]
Utilities.AsyncProcess,1283,1285,Utilities,[Utilities].[BalanceWriteoffBatch]
Utilities.BalanceWriteoffBatch,1284,1286,Utilities,[Utilities].[BalanceWriteoffBatchClaim]
Utilities.BalanceWriteoffBatchClaim,1285,1287,Utilities,[Utilities].[ClaimBatch]
Utilities.ClaimBatch,1286,1288,Utilities,[Utilities].[ClaimReport]
Utilities.ClaimReport,1287,1289,Utilities,[Utilities].[Date]
Utilities.Date,1288,1290,Utilities,[Utilities].[DeliveryTicketSequence]
Utilities.DeliveryTicketSequence,1290,1292,Utilities,[Utilities].[HCPCStagingTable]
Utilities.HCPCStagingTable,1291,1293,Utilities,[Utilities].[HipaaLog]
Utilities.HipaaLog,1292,1294,Utilities,[Utilities].[ICD10CodesRelationStagingTable]
Utilities.ICD10CodesRelationStagingTable,1293,1295,Utilities,[Utilities].[ICD10CodesStagingTable]
Utilities.ICD10CodesStagingTable,1294,1296,Utilities,[Utilities].[ICD9CodesStagingTable]
Utilities.ICD9CodesStagingTable,1295,1297,Utilities,[Utilities].[InvoiceSequence]
Utilities.InvoiceSequence,1296,1298,Utilities,[Utilities].[Log]
Utilities.Log,1297,1299,Utilities,[Utilities].[MCRFeesStagingTable]
Utilities.MCRFeesStagingTable,1298,1300,Utilities,[Utilities].[MRNSequence]
Utilities.MRNSequence,1299,1301,Utilities,[Utilities].[Numbers]
Utilities.Numbers,1300,1302,Utilities,[Utilities].[PECOSPrescribersStagingTable]
Utilities.PECOSPrescribersStagingTable,1301,1303,Utilities,[Utilities].[RecurringRentalBatch]
Utilities.RecurringRentalBatch,1302,1304,Utilities,[Utilities].[ReportTableHelper]
Utilities.ReportTableHelper,1303,1305,Utilities,[Utilities].[RuralZipCodesStagingTable]
Utilities.RuralZipCodesStagingTable,1304,1306,Utilities,[Utilities].[ScheduleDefinition]
Utilities.ScheduleDefinition,1305,1307,Utilities,[Utilities].[SchemaChangeLog]
Utilities.SchemaChangeLog,1306,1308,Utilities,[Utilities].[Script]
Utilities.Script,1307,1309,Utilities,[Utilities].[ScriptEngine]
Utilities.ScriptEngine,1308,1310,Utilities,[Utilities].[ScriptPoint]
Utilities.ScriptPoint,1309,1311,Utilities,[Utilities].[Sequence]
Utilities.Sequence,1310,1312,Utilities,[Utilities].[ServiceTask]
Utilities.ServiceTask,1311,1313,Utilities,[Utilities].[TaskSchedule]
Utilities.TaskSchedule,1312,1314,Utilities,[Utilities].[TicketItemBatch]
Utilities.TicketItemBatch,1313,1315,Utilities,[Utilities].[TransactionType]
Utilities.TransactionType,1314,1316,Utilities,[Utilities].[TransmissionBatch]
Utilities.TransmissionBatch,1315,1317,Utilities,[Utilities].[TransmissionLog]
Utilities.TransmissionLog,1317,1319,Utilities,[Utilities].[ZipCodeMapping]
Utilities.ZipCodeMapping,1318,1320,Utilities,[Utilities].[ZipCodeMappingRural]
Utilities.ZipCodeMappingRural,1319,1321,Utilities,[Utilities].[ZipCodeMappingStagingTable]
Utilities.ZipCodeMappingStagingTable,1320,1322,Utilities,[WebPortal].[PageInstructions]
WebPortal.PageInstructions,1321,1323,WebPortal,[Workflow].[AvailableEvent]
Workflow.AvailableEvent,1322,1324,Workflow,[Workflow].[AvailableTransition]
Workflow.AvailableTransition,1323,1325,Workflow,[Workflow].[EventSubscriber]
Workflow.EventSubscriber,1324,1326,Workflow,[Workflow].[RuleSet]
Workflow.RuleSet,1325,1327,Workflow,[Workflow].[StateEvent]
Workflow.StateEvent,1326,1328,Workflow,[Workflow].[StateHold]
Workflow.StateHold,1327,1329,Workflow,[Workflow].[StateTransition]
Workflow.StateTransition,1328,1330,Workflow,[Workflow].[TransitionEvent]
Workflow.TransitionEvent,1330,1332,Workflow,[Workflow].[UserCustomChart]
Workflow.UserCustomChart,1331,1333,Workflow,[Workflow].[WorkflowBrokenRule]
Workflow.WorkflowBrokenRule,1332,1334,Workflow,[Workflow].[WorkflowDefinition]
Workflow.WorkflowDefinition,1333,1335,Workflow,[Workflow].[WorkflowDefinitionCompany]
Workflow.WorkflowDefinitionCompany,1334,1336,Workflow,[Workflow].[WorkflowHistory]
Workflow.WorkflowHistory,1335,1337,Workflow,[Workflow].[WorkflowInstance]
Workflow.WorkflowInstance,1337,1339,Workflow,[Workflow].[WorkflowRule]
Workflow.WorkflowRule,1339,1341,Workflow,[Workflow].[WorkflowState]
Workflow.WorkflowState,1340,1342,Workflow,[Workflow].[WorkflowThreshold]
Workflow.WorkflowThreshold,1341,1343,Workflow,
