Table,DocPage,PdfPage,Schema
Auditing.BulkUpdateTraceTable1,76,78,Auditing
Auditing.CareTend_OC_Tracing,77,79,Auditing
Auditing.ChangeLog,78,80,Auditing
Auditing.ClinicalInformationLocked,79,81,Auditing
Auditing.DeaLog,81,83,Auditing
Billing.AccountingPeriod,82,84,Billing
Billing.AccountingPeriodFinancials,84,86,Billing
Billing.BatchPrintGroup,85,87,Billing
Billing.BillingAuthorization,86,88,Billing
Billing.Claim,89,91,Billing
Billing.ClaimAggregate,92,94,Billing
Billing.ClaimCOB,93,95,Billing
Billing.ClaimElectronicDetail,95,97,Billing
Billing.ClaimIllinoisDetail,97,99,Billing
Billing.ClaimItem,98,100,Billing
Billing.ClaimItemAggregate,101,103,Billing
Billing.ClaimItemCOB,102,104,Billing
Billing.ClaimItemIllinoisDetail,104,106,Billing
Billing.ClaimItemInvoiceDiagnosis,106,108,Billing
Billing.ClaimItemMediCal301Detail,107,109,Billing
Billing.ClaimItemMediCal304Detail,108,110,Billing
Billing.ClaimItemNYMedicaidDetail,109,111,Billing
Billing.ClaimItemPharmacyConflict,110,112,Billing
Billing.ClaimItemPharmacyDetail,111,113,Billing
Billing.ClaimItemTax,113,115,Billing
Billing.ClaimItemTransaction,114,116,Billing
Billing.ClaimItemUB04Detail,116,118,Billing
Billing.ClaimMedicaidNYDetail,117,119,Billing
Billing.ClaimMediCal301Detail,118,120,Billing
Billing.ClaimMediCal304Detail,119,121,Billing
Billing.ClaimParty,121,123,Billing
Billing.ClaimPatientInsured,123,125,Billing
Billing.ClaimPharmacyAdditionalCharge,124,126,Billing
Billing.ClaimPharmacyChangedField,125,127,Billing
Billing.ClaimPharmacyCOBPayor,126,128,Billing
Billing.ClaimPharmacyCOBPayorItem,127,129,Billing
Billing.ClaimPharmacyDetail,129,131,Billing
Billing.ClaimPharmacyElectronicLog,132,134,Billing
Billing.ClaimPharmacyMeasurement,133,135,Billing
Billing.ClaimPharmacyPartialFill,134,136,Billing
Billing.ClaimPharmacyPriorAuthDetail,135,137,Billing
Billing.ClaimPharmacyResponse,137,139,Billing
Billing.ClaimPharmacyResponseItem,139,141,Billing
Billing.ClaimPharmacySubmissionClarificationCode,141,143,Billing
Billing.ClaimPharmacyWorkersComp,142,144,Billing
Billing.ClaimStatusHistory,143,145,Billing
Billing.ClaimUB04ConditionCode,145,147,Billing
Billing.ClaimUB04Detail,146,148,Billing
Billing.ClaimUB04ExternalCauseofInjuryCode,148,150,Billing
Billing.ClaimUB04OccurrenceCode,149,151,Billing
Billing.ClaimUB04ProcedureCode,150,152,Billing
Billing.ClaimUB04ReasonForVisit,151,153,Billing
Billing.ClaimUB04ValueCode,152,154,Billing
Billing.CreditCard,153,155,Billing
Billing.CreditCardTransaction,154,156,Billing
Billing.ERNBatch,156,158,Billing
Billing.ERNBatchAdjustment,158,160,Billing
Billing.ERNClaim,159,161,Billing
Billing.ERNClaimAdjustment,161,163,Billing
Billing.ERNClaimAmount,162,164,Billing
Billing.ERNClaimItem,163,165,Billing
Billing.ERNClaimItemAdjustment,165,167,Billing
Billing.ERNClaimItemAmount,166,168,Billing
Billing.ERNClaimItemPendingTransaction,167,169,Billing
Billing.ERNClaimItemRemark,168,170,Billing
Billing.ERNClaimParty,169,171,Billing
Billing.ERNClaimRemark,170,172,Billing
Billing.HcPcList,171,173,Billing
Billing.InsuranceVerification,172,174,Billing
Billing.Invoice,174,176,Billing
Billing.InvoiceAggregate,176,178,Billing
Billing.InvoiceClaimItemLink,177,179,Billing
Billing.InvoiceCOB,178,180,Billing
Billing.InvoiceDiagnosisCode,180,182,Billing
Billing.InvoiceItem,181,183,Billing
Billing.InvoiceItemAggregate,183,185,Billing
Billing.InvoiceItemTax,184,186,Billing
Billing.PatientAggregate,185,187,Billing
Billing.PaymentAssistanceApproval,187,189,Billing
Billing.PaymentAssistanceGrantFundTransaction,188,190,Billing
Billing.PaymentAssistanceRequest,190,192,Billing
Billing.PaymentAssistanceRequestPatientOrder,192,194,Billing
Billing.PendingClaimItemTransaction,193,195,Billing
Billing.RecurringRental,195,197,Billing
Billing.RecurringRentalItem,197,199,Billing
Billing.RecurringRentalItemDiagnosis,199,201,Billing
Billing.RecurringRentalItemTax,200,202,Billing
Billing.SentToPrintBatch,201,203,Billing
Billing.TransactionBatch,202,204,Billing
Billing.TransactionBatchCompany,204,206,Billing
Billing.TransactionBatchPendingTransaction,205,207,Billing
Billing.TransactionBatchUnappliedCash,206,208,Billing
Billing.UnappliedCash,207,209,Billing
Billing.VerifoneAccount,209,211,Billing
Billing.VerifoneAccountCompany,210,212,Billing
CareTendMobile.WebFavorite,211,213,CareTendMobile
CareTendMobile.WebRecent,212,214,CareTendMobile
CareTendMobile.WebRecentType,213,215,CareTendMobile
Common.Address,214,216,Common
Common.AddressTaxArea,216,218,Common
Common.AddressTaxTemplate,217,219,Common
Common.CarePlanTemplate,218,220,Common
Common.CarePlanTemplateItem,219,221,Common
Common.ClinicianVisit,220,222,Common
Common.ClinicianVisitAssociation,222,224,Common
Common.ClinicianVisitDepartment,223,225,Common
Common.Company,224,226,Common
Common.CompanyLocation,225,227,Common
Common.Container,226,228,Common
Common.ContainerField,227,229,Common
Common.ContainerGroup,228,230,Common
Common.ContainerGroupAssessment,229,231,Common
Common.ContainerGroupAssociation,230,232,Common
Common.ContainerGroupAssociationFieldValue,231,233,Common
Common.CopyableField,232,234,Common
Common.CopyableFieldCategory,233,235,Common
Common.CopyableTable,234,236,Common
Common.CopyableTableStandardField,235,237,Common
Common.EmailAddress,236,238,Common
Common.Entity,237,239,Common
Common.EntityNameHistory,238,240,Common
Common.ExternalLogin,239,241,Common
Common.Field,240,242,Common
Common.FieldValue,241,243,Common
Common.Party,242,244,Common
Common.PartyAddress,243,245,Common
Common.PartyAddressPhoneNumber,245,247,Common
Common.PartyAddressTaxExempt,246,248,Common
Common.PartyCompany,247,249,Common
Common.PartyContact,248,250,Common
Common.PartyExternalLogin,249,251,Common
Common.PartyLicense,250,252,Common
Common.Person,251,253,Common
Common.PersonNameHistory,252,254,Common
Common.PhoneNumber,253,255,Common
Common.PhysicianOrder485Template,254,256,Common
Common.PhysicianOrderTemplate,255,257,Common
Common.PhysicianOrderTemplateItem,256,258,Common
Common.Task,257,259,Common
Common.TaskAssociation,259,261,Common
Common.TaskDepartment,260,262,Common
Common.TaskMessage,261,263,Common
Common.TaskRecipient,262,264,Common
dbo.NEW_RUN,264,266,dbo
Delivery.CompanyPointOfOrigin,266,268,Delivery
Delivery.DeliverySignature,267,269,Delivery
Delivery.PointOfOrigin,268,270,Delivery
Delivery.PurchaseOrderShippingResponse,269,271,Delivery
Delivery.Route,270,272,Delivery
Delivery.RouteStop,272,274,Delivery
Delivery.ShippingResponse,273,275,Delivery
Delivery.Ticket,275,277,Delivery
Delivery.TicketDeliveryAttempt,278,280,Delivery
Delivery.TicketDeliverySignature,279,281,Delivery
Delivery.TicketDeliveryStatusHistory,280,282,Delivery
Delivery.TicketDocument,281,283,Delivery
Delivery.TicketItem,282,284,Delivery
Delivery.TicketItemBillingHoldHistory,287,289,Delivery
Delivery.TicketItemDiagnosis,288,290,Delivery
Delivery.TicketItemQuantityDeducted,289,291,Delivery
Delivery.TicketItemTax,291,293,Delivery
Delivery.TicketRouteStop,292,294,Delivery
Delivery.TicketShippingResponse,293,295,Delivery
Delivery.TicketStatusHistory,294,296,Delivery
Delivery.Vehicle,295,297,Delivery
Documents.Document,296,298,Documents
Documents.DocumentIncomingDocumentPath,298,300,Documents
Documents.DocumentInventoryItem,299,301,Documents
Documents.DocumentParty,300,302,Documents
Documents.DocumentPatientOrder,302,304,Documents
Documents.DocumentPatientPhysicianOrder,303,305,Documents
Documents.DocumentPrescription,304,306,Documents
Documents.DocumentTracking,305,307,Documents
Documents.DocumentWorkflowGroup,306,308,Documents
Documents.PatientARPA,307,309,Documents
Documents.PatientARPAEnteral,309,311,Documents
Documents.PatientARPAParenteral,310,312,Documents
Documents.PatientCMN,311,313,Documents
Documents.PatientLAPA,312,314,Documents
Documents.PatientMOPriorAuth,313,315,Documents
Documents.PatientNYPriorApproval,315,317,Documents
Documents.PatientSMN,316,318,Documents
Documents.PatientSupportingDocument,317,319,Documents
Documents.PatientSupportingDocumentDiagnosis,319,321,Documents
Documents.PatientSupportingDocumentFieldValue,320,322,Documents
Documents.PatientSupportingDocumentLine,321,323,Documents
Documents.PatientSupportingDocumentLineModifier,323,325,Documents
Documents.PatientSupportingDocumentNote,324,326,Documents
Documents.PatientTAR,325,327,Documents
Documents.PatientTARMedicalJustification,326,328,Documents
Documents.PhysicalDocument,327,329,Documents
Documents.UploadDestinations,328,330,Documents
Documents.UploadLog,329,331,Documents
Documents.UploadQueue,330,332,Documents
Drug.Drug,331,333,Drug
Drug.DrugCategoryNDC,334,336,Drug
Drug.DrugCaution,335,337,Drug
Drug.DrugConcentration,336,338,Drug
Drug.DrugWarning,337,339,Drug
Drug.SolubilityCurve,338,340,Drug
Drug.SolubilityCurvePoint,339,341,Drug
Drug.StateDEASchedule,340,342,Drug
Drug.SynagisData,341,343,Drug
Drug.SynagisDataPatientSat,343,345,Drug
Drug.SynagisDataRiskFactors,344,346,Drug
Drug.SynagisInjection,345,347,Drug
Drug.TherapeuticRange,347,349,Drug
Drug.TPNDrug,348,350,Drug
Drug.TPNDrugNutrient,350,352,Drug
Employees.Employee,351,353,Employees
Employees.EmployeeAttendance,352,354,Employees
Employees.EmployeeDate,353,355,Employees
Employees.EmployeeDepartment,354,356,Employees
Employees.EmployeeSecure,355,357,Employees
Encounter.DischargeNote,356,358,Encounter
Encounter.DischargeSummary,357,359,Encounter
Encounter.DischargeSummaryOrder,359,361,Encounter
Encounter.PatientAssessment,360,362,Encounter
Encounter.PatientAssessmentCommon,362,364,Encounter
Encounter.PatientAssessmentItem,363,365,Encounter
Encounter.PatientAssessmentStandard,364,366,Encounter
Encounter.PatientAssessmentVisitReport,366,368,Encounter
Encounter.PatientCarePlan,369,371,Encounter
Encounter.PatientCarePlanItem,371,373,Encounter
Encounter.PatientEncounter,373,375,Encounter
Encounter.PatientLabResult,374,376,Encounter
Encounter.PatientNote,375,377,Encounter
Encounter.PatientPhysicianOrder,377,379,Encounter
Encounter.PatientPhysicianOrder485,379,381,Encounter
Encounter.PatientPhysicianOrder485Activity,381,383,Encounter
Encounter.PatientPhysicianOrder485Diagnosis,382,384,Encounter
Encounter.PatientPhysicianOrder485FunctionalLimitation,383,385,Encounter
Encounter.PatientPhysicianOrder485MentalStatus,384,386,Encounter
Encounter.PatientPhysicianOrderItem,385,387,Encounter
Encounter.PatientPhysicianOrderStandard,386,388,Encounter
Encounter.TransferNote,387,389,Encounter
Encounter.TransferSummary,388,390,Encounter
Encounter.TransferSummaryOrder,390,392,Encounter
Equipment.AssetEvent,391,393,Equipment
Equipment.AssetEventAction,392,394,Equipment
Equipment.AssetEventFailure,393,395,Equipment
Equipment.AssetStatusHistory,394,396,Equipment
Equipment.Equipment,396,398,Equipment
Equipment.EquipmentAsset,398,400,Equipment
Equipment.EquipmentAssetBarcode,400,402,Equipment
Equipment.EquipmentAssetCode,401,403,Equipment
Erx.ErxHubMessage,402,404,Erx
Erx.ErxHubStatus,404,406,Erx
Insurance.BillingProvider,405,407,Insurance
Insurance.BillingProviderCarrier,406,408,Insurance
Insurance.BillingProviderEligibility,407,409,Insurance
Insurance.Carrier,409,411,Insurance
Insurance.CarrierBatchEligibilityCheckLog,412,414,Insurance
Insurance.CarrierBINPCN,413,415,Insurance
Insurance.CarrierClaimTypeSettingGroup,414,416,Insurance
Insurance.CarrierClaimTypeSettingValue,415,417,Insurance
Insurance.CarrierEligibility,416,418,Insurance
Insurance.CarrierEligibilityCheckLog,418,420,Insurance
Insurance.CarrierRentalAdjustmentCode,422,424,Insurance
Insurance.CarrierTransmissionMethod,423,425,Insurance
Insurance.ClaimTypeSettingGroup,424,426,Insurance
Insurance.ClaimTypeSettingGroupValue,425,427,Insurance
Insurance.CompanyBillingProvider,426,428,Insurance
Insurance.TransmissionMethod,427,429,Insurance
Insurance.TransmissionMethod837,429,431,Insurance
Insurance.TransmissionMethodCredential,430,432,Insurance
Integrations.InboundAddress,431,433,Integrations
Integrations.InboundIntegrationVendor,432,434,Integrations
Integrations.InboundPatient,433,435,Integrations
Integrations.InboundPatientAllergy,436,438,Integrations
Integrations.InboundPatientContact,437,439,Integrations
Integrations.InboundPatientDiagnosis,439,441,Integrations
Integrations.InboundPatientPolicy,440,442,Integrations
Integrations.InboundPatientProcessingError,442,444,Integrations
Integrations.InboundPatientStatistics,443,445,Integrations
Integrations.InboundPhoneNumber,444,446,Integrations
Integrations.InboundPOAck,445,447,Integrations
Integrations.InboundPOAckAddress,447,449,Integrations
Integrations.InboundPOAckItem,448,450,Integrations
Integrations.InboundPOCatalog,450,452,Integrations
Integrations.InboundPOCatalogItem,451,453,Integrations
Integrations.InboundPOInvoice,452,454,Integrations
Integrations.InboundPOInvoiceAddress,454,456,Integrations
Integrations.InboundPOInvoiceChargeDiscount,455,457,Integrations
Integrations.InboundPOInvoiceItem,456,458,Integrations
Integrations.InboundPOInvoiceTermsOfPayment,458,460,Integrations
Integrations.InboundPOShipment,459,461,Integrations
Integrations.InboundPOShipmentAddress,461,463,Integrations
Integrations.InboundPOShipmentItem,462,464,Integrations
Integrations.InboundPOShipmentOrder,464,466,Integrations
Integrations.InboundProvider,465,467,Integrations
Integrations.IntegrationProcess,466,468,Integrations
Integrations.OutboundPOHeader,467,469,Integrations
Integrations.OutboundPOHeaderDeliveryTicket,469,471,Integrations
Integrations.OutboundPOHeaderPurchaseOrder,470,472,Integrations
Integrations.OutboundPOItem,471,473,Integrations
Inventory.InventoryItem,472,474,Inventory
Inventory.InventoryItemBarcode,475,477,Inventory
Inventory.InventoryItemCode,476,478,Inventory
Inventory.InventoryItemCompanyRank,478,480,Inventory
Inventory.InventoryItemDispensibleUnit,479,481,Inventory
Inventory.InventoryItemExternalUpdate,480,482,Inventory
Inventory.InventoryItemIMSExclusion,481,483,Inventory
Inventory.InventoryItemLocation,482,484,Inventory
Inventory.InventoryItemLocationQuantity,484,486,Inventory
Inventory.InventoryItemMediCalInfo,485,487,Inventory
Inventory.InventoryItemName,486,488,Inventory
Inventory.InventoryItemPhysicalLocation,488,490,Inventory
Inventory.InventoryItemPrice,489,491,Inventory
Inventory.InventoryItemPricingUpdate,491,493,Inventory
Inventory.InventoryItemQuantityDeducted,492,494,Inventory
Inventory.InventoryItemQuantityReceived,494,496,Inventory
Inventory.InventoryItemStatusHistory,496,498,Inventory
Inventory.InventoryItemSupplier,497,499,Inventory
Inventory.InventoryItemSupplierSKU,498,500,Inventory
Inventory.InventoryItemSupplyKit,500,502,Inventory
Inventory.InventoryTransfer,501,503,Inventory
Inventory.InventoryTransferEquipmentAsset,502,504,Inventory
Inventory.InventoryTransferQuantity,503,505,Inventory
Inventory.InventoryTransferQuantityDispensed,505,507,Inventory
Inventory.ItemTypePriceType,506,508,Inventory
Inventory.Location,507,509,Inventory
Inventory.LocationIntegration,509,511,Inventory
Inventory.LotInformation,510,512,Inventory
Inventory.PhysicalInventoryBatch,511,513,Inventory
Inventory.PhysicalInventoryCountSheet,512,514,Inventory
Inventory.PhysicalInventoryCountSheetAssignedEmployee,514,516,Inventory
Inventory.PhysicalInventoryCountSheetItem,515,517,Inventory
Inventory.PhysicalInventoryCountSheetItemCount,516,518,Inventory
Inventory.PhysicalInventoryEquipmentAsset,517,519,Inventory
Inventory.Supplier,518,520,Inventory
Inventory.SupplierAccount,519,521,Inventory
Inventory.SupplierAccountCompany,521,523,Inventory
Inventory.SupplierEDI,522,524,Inventory
Inventory.SupplyKit,524,526,Inventory
Inventory.SupplyKitInventoryItem,525,527,Inventory
Lookups.AccessOrder,527,529,Lookups
Lookups.AccountingPeriodStatus,528,530,Lookups
Lookups.AccountingPeriodType,529,531,Lookups
Lookups.ActivityLevel,530,532,Lookups
Lookups.AcuityAdmission,531,533,Lookups
Lookups.AddressType,532,534,Lookups
Lookups.AdjustmentCode,533,535,Lookups
Lookups.AdmissionReason,534,536,Lookups
Lookups.AlertNote,535,537,Lookups
Lookups.AlertNoteType,536,538,Lookups
Lookups.Applicable,537,539,Lookups
Lookups.ARPAAdministrationMethod,538,540,Lookups
Lookups.ARPAEquipmentCertificationType,539,541,Lookups
Lookups.ARPAFrequency,540,542,Lookups
Lookups.ARPALengthOfNeed,541,543,Lookups
Lookups.ARPANutritionCertificationType,542,544,Lookups
Lookups.AssessmentItem,543,545,Lookups
Lookups.AssessmentItemType,544,546,Lookups
Lookups.AssessmentStatus,545,547,Lookups
Lookups.AssessmentType,546,548,Lookups
Lookups.AssetBarcodeType,547,549,Lookups
Lookups.AssetCodeType,548,550,Lookups
Lookups.AssetEventActionType,549,551,Lookups
Lookups.AssetEventFailureType,550,552,Lookups
Lookups.AssetEventReason,551,553,Lookups
Lookups.AssetPriceType,552,554,Lookups
Lookups.AssetStatus,553,555,Lookups
Lookups.AuthorizationOverrideType,554,556,Lookups
Lookups.AuthorizationRequirement,555,557,Lookups
Lookups.AutomaticBillingMethod,556,558,Lookups
Lookups.BatchBillingMethod,557,559,Lookups
Lookups.BatchEligibilityCheckStatus,558,560,Lookups
Lookups.BenefitsAssignedToProvider,559,561,Lookups
Lookups.BenefitStageQualifier,560,562,Lookups
Lookups.BillableState,561,563,Lookups
Lookups.BillingAuthorizationLineOfBusiness,562,564,Lookups
Lookups.BillingAuthorizationType,563,565,Lookups
Lookups.BillingFrequency,564,566,Lookups
Lookups.BillingMethod,565,567,Lookups
Lookups.BillingNarrative,566,568,Lookups
Lookups.BillingOption,567,569,Lookups
Lookups.BillingReviewStatus,568,570,Lookups
Lookups.BillingStatus,569,571,Lookups
Lookups.BirthType,570,572,Lookups
Lookups.BloodStreamInfectionIntervention,571,573,Lookups
Lookups.ByPassReason,572,574,Lookups
Lookups.CarePlanDiscipline,573,575,Lookups
Lookups.CarePlanGoal,574,576,Lookups
Lookups.CarePlanIntervention,575,577,Lookups
Lookups.CarePlanItemType,576,578,Lookups
Lookups.CarePlanProblem,577,579,Lookups
Lookups.CarrierType,578,580,Lookups
Lookups.CashTransactionType,579,581,Lookups
Lookups.CategoryDrugName,580,582,Lookups
Lookups.CatheterDiscontinuedReason,581,583,Lookups
Lookups.CatheterType,582,584,Lookups
Lookups.CauseofInjury,583,585,Lookups
Lookups.ChangedPharmacyField,584,586,Lookups
Lookups.ClaimAccepted,585,587,Lookups
Lookups.ClaimAssignmentStatus,586,588,Lookups
Lookups.ClaimInquiryFlag,587,589,Lookups
Lookups.ClaimInsuranceType,588,590,Lookups
Lookups.ClaimItemTransactionType,589,591,Lookups
Lookups.ClaimLocation,590,592,Lookups
Lookups.ClaimPartyType,591,593,Lookups
Lookups.ClaimReportStatus,592,594,Lookups
Lookups.ClaimReportType,593,595,Lookups
Lookups.ClaimTransmissionCode,594,596,Lookups
Lookups.ClaimType,595,597,Lookups
Lookups.ClaimTypeSetting,596,598,Lookups
Lookups.ClinicalDocumentDateType,597,599,Lookups
Lookups.ClinicalDocumentStatus,598,600,Lookups
Lookups.ClinicalDocumentType,599,601,Lookups
Lookups.ClinicalInformationType,600,602,Lookups
Lookups.ClinicianVisitStatus,601,603,Lookups
Lookups.CMNDelivery,602,604,Lookups
Lookups.CMNLineFrequency,603,605,Lookups
Lookups.CMNMethodOfAdministration,604,606,Lookups
Lookups.CMNNCAmbulatory,605,607,Lookups
Lookups.CMNNCAmbulatoryTransfer,606,608,Lookups
Lookups.CMNNCAmbulatoryWalks,607,609,Lookups
Lookups.CMNNCCondition,608,610,Lookups
Lookups.CMNNCEquipment,609,611,Lookups
Lookups.CMNNCMental,610,612,Lookups
Lookups.CMNNCNeurologicalMuscleTone,611,613,Lookups
Lookups.CMNNCNeurologicalSensation,612,614,Lookups
Lookups.CMNNCPrognosis,613,615,Lookups
Lookups.CMNNCRespiratory,614,616,Lookups
Lookups.CMNNCSkin,615,617,Lookups
Lookups.CMNNutritionRoute,616,618,Lookups
Lookups.CMNOrgan,617,619,Lookups
Lookups.CMNOxygenCondition,618,620,Lookups
Lookups.CMNPerformed,619,621,Lookups
Lookups.CMNPumpMethod,620,622,Lookups
Lookups.CMNPumpRoute,621,623,Lookups
Lookups.CMNPumpType,622,624,Lookups
Lookups.CMNReason,623,625,Lookups
Lookups.CMNTemplate,624,626,Lookups
Lookups.CMNTENSLeadCount,625,627,Lookups
Lookups.CMNTENSPeriodOfUse,626,628,Lookups
Lookups.CMNTENSReason,627,629,Lookups
Lookups.CMNUlcer,628,630,Lookups
Lookups.CMNVASource,629,631,Lookups
Lookups.CMS1500PatientStatus,630,632,Lookups
Lookups.CMSDateOfInjuryQualifier,631,633,Lookups
Lookups.CMSFirstDateQualifier,632,634,Lookups
Lookups.CMSOtherClaimIDQualifier,633,635,Lookups
Lookups.CMSProviderQualifier,634,636,Lookups
Lookups.COBGroupCode,635,637,Lookups
Lookups.COBReferenceType,636,638,Lookups
Lookups.CodeStatus,637,639,Lookups
Lookups.CodeType,638,640,Lookups
Lookups.CollapseItemsType,639,641,Lookups
Lookups.CompoundAdminRoute,640,642,Lookups
Lookups.CompoundCode,641,643,Lookups
Lookups.CompoundDispensingUnit,642,644,Lookups
Lookups.CompoundDosageFormat,643,645,Lookups
Lookups.CompoundingInstruction,644,646,Lookups
Lookups.CompoundType,645,647,Lookups
Lookups.CompoundUOM,646,648,Lookups
Lookups.ContactType,647,649,Lookups
Lookups.ContainerGroupType,648,650,Lookups
Lookups.ContractRuleType,649,651,Lookups
Lookups.ControlledSubstanceDosageCode,650,652,Lookups
Lookups.ControlledSubstanceRelationshipType,651,653,Lookups
Lookups.ControlledSubstanceVersion,652,654,Lookups
Lookups.CopyableFieldDataType,653,655,Lookups
Lookups.Country,654,656,Lookups
Lookups.County,655,657,Lookups
Lookups.CoverageType,656,658,Lookups
Lookups.CprServiceType,657,659,Lookups
Lookups.CreditCardTransactionType,658,660,Lookups
Lookups.CreditCardType,659,661,Lookups
Lookups.CultrSens,660,662,Lookups
Lookups.DEAAuditLogEventType,661,663,Lookups
Lookups.DEASchedule,662,664,Lookups
Lookups.DelayReasonCode,663,665,Lookups
Lookups.DeliveryAction,664,666,Lookups
Lookups.DeliveryAttemptReason,665,667,Lookups
Lookups.DeliveryCompletionReason,666,668,Lookups
Lookups.DeliveryReason,667,669,Lookups
Lookups.DeliveryStatus,668,670,Lookups
Lookups.DeliveryTicketFooter,669,671,Lookups
Lookups.Department,670,672,Lookups
Lookups.DiabetesType,671,673,Lookups
Lookups.DiagnosisQualifier,672,674,Lookups
Lookups.DietType,673,675,Lookups
Lookups.DIFMethodOfAdministration,674,676,Lookups
Lookups.DIFNutritionMethodOfAdministration,675,677,Lookups
Lookups.DIFNutritionRouteOfAdministration,676,678,Lookups
Lookups.DIFRouteOfAdministration,677,679,Lookups
Lookups.DischargeAcuity,678,680,Lookups
Lookups.DischargeNoteType,679,681,Lookups
Lookups.DischargeReason,680,682,Lookups
Lookups.DischargeStatus,681,683,Lookups
Lookups.DispensingStatus,682,684,Lookups
Lookups.DMEMACRegion,683,685,Lookups
Lookups.DocumentCategory,684,686,Lookups
Lookups.DocumentCertification,685,687,Lookups
Lookups.DocumentCF,686,688,Lookups
Lookups.DocumentClass,687,689,Lookups
Lookups.DocumentName,688,690,Lookups
Lookups.DocumentPartyRelationship,689,691,Lookups
Lookups.DocumentReturnCode,690,692,Lookups
Lookups.DocumentStatus,691,693,Lookups
Lookups.DocumentType,692,694,Lookups
Lookups.DocumentUse,693,695,Lookups
Lookups.DosageForm,694,696,Lookups
Lookups.DownloadSource,695,697,Lookups
Lookups.DrugCategory,696,698,Lookups
Lookups.DrugReactionDuration,697,699,Lookups
Lookups.DrugReactionIntervention,698,700,Lookups
Lookups.DrugReactionSeverity,699,701,Lookups
Lookups.DrugReactionType,700,702,Lookups
Lookups.DrugRoute,701,703,Lookups
Lookups.DrugScreeningResponseText,702,704,Lookups
Lookups.DrugScreeningType,703,705,Lookups
Lookups.DrugUnit,704,706,Lookups
Lookups.DURConflict,705,707,Lookups
Lookups.DURIntervention,706,708,Lookups
Lookups.DUROutcome,707,709,Lookups
Lookups.ElectronicClaimType,708,710,Lookups
Lookups.EligibilityCheckStatus,709,711,Lookups
Lookups.EligibilityClarificationCode,710,712,Lookups
Lookups.EligibilityDate,711,713,Lookups
Lookups.EligibilityEntityIDCode,712,714,Lookups
Lookups.EligibilityEntityTypeQualifier,713,715,Lookups
Lookups.EligibilityFacilityTypeCode,714,716,Lookups
Lookups.EligibilityFacilityTypeCodeQualifier,715,717,Lookups
Lookups.EligibilityIDCodeQualifier,716,718,Lookups
Lookups.EligibilityProviderReferenceNumberQualifier,717,719,Lookups
Lookups.EligibilityProviderTypeCode,718,720,Lookups
Lookups.EligibilityRelationshipCode,719,721,Lookups
Lookups.EligibilityServiceType,720,722,Lookups
Lookups.EmailType,721,723,Lookups
Lookups.EmployeeAttendanceType,722,724,Lookups
Lookups.EmployeeDateType,723,725,Lookups
Lookups.EmploymentStatusType,724,726,Lookups
Lookups.EnterpriseStatus,725,727,Lookups
Lookups.EntityType,726,728,Lookups
Lookups.EquipmentBrand,727,729,Lookups
Lookups.ERNAmountQualifier,728,730,Lookups
Lookups.ERNBatchAdjustmentCode,729,731,Lookups
Lookups.ERNClaimFilingCode,730,732,Lookups
Lookups.ERNClaimPartyType,731,733,Lookups
Lookups.ERNClaimStatusCode,732,734,Lookups
Lookups.ERNPaymentMethod,733,735,Lookups
Lookups.ERNReferenceIDQualifier,734,736,Lookups
Lookups.ERNRemarkQualifier,735,737,Lookups
Lookups.ErxDigitalSignatureStatus,736,738,Lookups
Lookups.ErxMatchStatus,737,739,Lookups
Lookups.ErxStatus,738,740,Lookups
Lookups.ErxTransactionType,739,741,Lookups
Lookups.FacilityEmploymentStatus,740,742,Lookups
Lookups.FacilityType,741,743,Lookups
Lookups.FacilityTypeQualifier,742,744,Lookups
Lookups.FactorDescription,743,745,Lookups
Lookups.FieldCategory,744,746,Lookups
Lookups.FieldType,745,747,Lookups
Lookups.FiscalYear,746,748,Lookups
Lookups.Frequency,747,749,Lookups
Lookups.FrequencyInterval,748,750,Lookups
Lookups.FTPProtocol,749,751,Lookups
Lookups.FunctionalLimitation,750,752,Lookups
Lookups.Gender,751,753,Lookups
Lookups.HcPc,752,754,Lookups
Lookups.HcpcListType,753,755,Lookups
Lookups.HcpcModifier,754,756,Lookups
Lookups.IllinoisCategoryServiceCode,755,757,Lookups
Lookups.IllinoisCompound,756,758,Lookups
Lookups.IllinoisDispenseAsWritten,757,759,Lookups
Lookups.IllinoisInjuryCode,758,760,Lookups
Lookups.IllinoisPurchaseRental,759,761,Lookups
Lookups.IllinoisTPLCode,760,762,Lookups
Lookups.IllinoisTPLStatus,761,763,Lookups
Lookups.InboundProcessedStatus,762,764,Lookups
Lookups.InfectionDxMethod,763,765,Lookups
Lookups.InfectionOrganism,764,766,Lookups
Lookups.InfoReleaseCode,765,767,Lookups
Lookups.InfusionPeriod,766,768,Lookups
Lookups.InsertionSite,767,769,Lookups
Lookups.InsufficientMedsReason,768,770,Lookups
Lookups.InsuranceProgram,769,771,Lookups
Lookups.IntegrationFileType,770,772,Lookups
Lookups.IntegrationStatus,771,773,Lookups
Lookups.IntegrationVendor,772,774,Lookups
Lookups.IntermediaryAuthType,773,775,Lookups
Lookups.InventoryCategory,774,776,Lookups
Lookups.InventoryExternalUpdateType,775,777,Lookups
Lookups.InventoryItemCompanyRankType,776,778,Lookups
Lookups.InventoryQuantityAvailability,777,779,Lookups
Lookups.InventoryQuantityChangeReason,778,780,Lookups
Lookups.InventoryTransferReviewReason,779,781,Lookups
Lookups.InventoryTransferStatus,780,782,Lookups
Lookups.InventoryUnit,781,783,Lookups
Lookups.InvoiceDeletionReason,782,784,Lookups
Lookups.ItemBarcodeType,783,785,Lookups
Lookups.ItemCodeType,784,786,Lookups
Lookups.ItemPriceType,785,787,Lookups
Lookups.ItemStatus,786,788,Lookups
Lookups.ItemType,787,789,Lookups
Lookups.LabelLineType,788,790,Lookups
Lookups.LabOrder,789,791,Lookups
Lookups.LabTest,790,792,Lookups
Lookups.Language,791,793,Lookups
Lookups.LevelOfEffort,792,794,Lookups
Lookups.License,793,795,Lookups
Lookups.LicenseQualifier,794,796,Lookups
Lookups.LipidDistribution,795,797,Lookups
Lookups.LoanedEquipmentActionType,796,798,Lookups
Lookups.LocationType,797,799,Lookups
Lookups.LoginType,798,800,Lookups
Lookups.Manufacturer,799,801,Lookups
Lookups.MaritalStatus,800,802,Lookups
Lookups.MeasurementDimension,801,803,Lookups
Lookups.MeasurementUnit,802,804,Lookups
Lookups.MediCalBasisofCost,803,805,Lookups
Lookups.MediCalBillingLimitException,804,806,Lookups
Lookups.MediCalDosageForm,805,807,Lookups
Lookups.MediCalPatientLocationCode,806,808,Lookups
Lookups.MediCalProductQualifier,807,809,Lookups
Lookups.MedicareCBA,808,810,Lookups
Lookups.MedicareCBAProductCategory,809,811,Lookups
Lookups.MedicareCBARound,810,812,Lookups
Lookups.MedicareRequiredNDC,811,813,Lookups
Lookups.MedicareSecondaryProviderType,812,814,Lookups
Lookups.MediCareStatus,813,815,Lookups
Lookups.Medication,814,816,Lookups
Lookups.MedicationErrorType,815,817,Lookups
Lookups.MedicationProfileClass,816,818,Lookups
Lookups.MissedDoseReason,817,819,Lookups
Lookups.MOPriorAuthScreeningType,818,820,Lookups
Lookups.MOPriorAuthTypeOfPartial,819,821,Lookups
Lookups.NameTitle,820,822,Lookups
Lookups.NameType,821,823,Lookups
Lookups.NDCUnitQualifier,822,824,Lookups
Lookups.NotOtherwiseClassifiedCode,823,825,Lookups
Lookups.NutrientBodyUnit,824,826,Lookups
Lookups.NutrientIntervalUnit,825,827,Lookups
Lookups.NutrientUoM,826,828,Lookups
Lookups.NYPriorApprovalOfficeCode,827,829,Lookups
Lookups.NYPriorApprovalProfessionCode,828,830,Lookups
Lookups.NYPriorApprovalRequestType,829,831,Lookups
Lookups.OrderType,830,832,Lookups
Lookups.OtherCoverageCode,831,833,Lookups
Lookups.OutcomesIndicator,832,834,Lookups
Lookups.OwnershipStatus,833,835,Lookups
Lookups.PainStatus,834,836,Lookups
Lookups.PAPAdjustmentReason,835,837,Lookups
Lookups.PAPStatus,836,838,Lookups
Lookups.PartialFillIndicator,837,839,Lookups
Lookups.PartyType,838,840,Lookups
Lookups.PatencyLossIntervention,839,841,Lookups
Lookups.PatencyLossReason,840,842,Lookups
Lookups.PatientActivity,841,843,Lookups
Lookups.PatientCareAbility,842,844,Lookups
Lookups.PatientCategory,843,845,Lookups
Lookups.PatientDischargeStatus,844,846,Lookups
Lookups.PatientElimination,845,847,Lookups
Lookups.PatientEmploymentStatus,846,848,Lookups
Lookups.PatientLocation,847,849,Lookups
Lookups.PatientMentalStatus,848,850,Lookups
Lookups.PatientNoteType,849,851,Lookups
Lookups.PatientOrderDrugFillType,850,852,Lookups
Lookups.PatientOrderStatus,851,853,Lookups
Lookups.PatientOrderType,852,854,Lookups
Lookups.PatientOrderWorkflowStatus,853,855,Lookups
Lookups.PatientRelationToInsured,854,856,Lookups
Lookups.PatientResponsibilityQualifier,855,857,Lookups
Lookups.PatientStatisticType,856,858,Lookups
Lookups.PatientStatus,857,859,Lookups
Lookups.PatientSupportingDocumentField,858,860,Lookups
Lookups.PatientSupportingDocumentFieldType,859,861,Lookups
Lookups.PatientSupportingDocumentType,860,862,Lookups
Lookups.PaymentAssistanceGrantFundTransactionStatus,861,863,Lookups
Lookups.PaymentAssistanceRequestStatus,862,864,Lookups
Lookups.PaymentSourceCode,863,865,Lookups
Lookups.PayorType,864,866,Lookups
Lookups.PerDiemBillingMethod,865,867,Lookups
Lookups.PerDiemType,866,868,Lookups
Lookups.PersonType,867,869,Lookups
Lookups.PharmacyClaimStatus,868,870,Lookups
Lookups.PharmacyCOBPayorItemType,869,871,Lookups
Lookups.PharmacyPaymentQualifier,870,872,Lookups
Lookups.PharmacyPayorIDQualifier,871,873,Lookups
Lookups.PharmacyRejectionCode,872,874,Lookups
Lookups.PharmacyResponseField,873,875,Lookups
Lookups.PharmacyResponseHex,874,876,Lookups
Lookups.PharmacyResponseType,875,877,Lookups
Lookups.PharmacyStatus,876,878,Lookups
Lookups.PhlebitisIntervention,877,879,Lookups
Lookups.PhlebitisRanking,878,880,Lookups
Lookups.PhoneType,879,881,Lookups
Lookups.PhysicalInventoryBatchStatus,880,882,Lookups
Lookups.PhysicalInventoryCountSheetStatus,881,883,Lookups
Lookups.PhysicianOrder485Activity,882,884,Lookups
Lookups.PhysicianOrder485FunctionalLimitation,883,885,Lookups
Lookups.PhysicianOrder485MentalStatus,884,886,Lookups
Lookups.PhysicianOrder485Order,885,887,Lookups
Lookups.PhysicianOrderCertificationType,886,888,Lookups
Lookups.PhysicianOrderDMESupply,887,889,Lookups
Lookups.PhysicianOrderGoal,888,890,Lookups
Lookups.PhysicianOrderItemType,889,891,Lookups
Lookups.PhysicianOrderMentalStatus,890,892,Lookups
Lookups.PhysicianOrderNutritionalRequirement,891,893,Lookups
Lookups.PhysicianOrderOrder,892,894,Lookups
Lookups.PhysicianOrderPatientLocation,893,895,Lookups
Lookups.PhysicianOrderProblem,894,896,Lookups
Lookups.PhysicianOrderPrognosis,895,897,Lookups
Lookups.PhysicianOrderRehabPotential,896,898,Lookups
Lookups.PhysicianOrderSafetyMeasure,897,899,Lookups
Lookups.PhysicianOrderType,898,900,Lookups
Lookups.PickupQualifier,899,901,Lookups
Lookups.PlaceOfResidence,900,902,Lookups
Lookups.PlanForPayment,901,903,Lookups
Lookups.PointOfSaleAdjustmentReason,902,904,Lookups
Lookups.PointOfSaleDiscountType,903,905,Lookups
Lookups.PointOfSaleLineItemReturnStatus,904,906,Lookups
Lookups.PointOfSaleLineItemSaleType,905,907,Lookups
Lookups.PointOfSalePaymentType,906,908,Lookups
Lookups.PointOfSaleRegisterStatus,907,909,Lookups
Lookups.PointOfSaleReportType,908,910,Lookups
Lookups.PointOfSaleTransactionType,909,911,Lookups
Lookups.PolicyStatus,910,912,Lookups
Lookups.PotencyUnitCode,911,913,Lookups
Lookups.PreferredMethodOfContact,912,914,Lookups
Lookups.PrescriptionAuthorizationType,913,915,Lookups
Lookups.PrescriptionBillingMethod,914,916,Lookups
Lookups.PrescriptionDescription,915,917,Lookups
Lookups.PrescriptionDispenseConstraint,916,918,Lookups
Lookups.PrescriptionFillStatus,917,919,Lookups
Lookups.PrescriptionFillType,918,920,Lookups
Lookups.PrescriptionFormat,919,921,Lookups
Lookups.PrescriptionLabelMessage,920,922,Lookups
Lookups.PrescriptionOrigin,921,923,Lookups
Lookups.PrescriptionStatus,922,924,Lookups
Lookups.PrescriptionTemplateLineType,923,925,Lookups
Lookups.PrescriptionTemplateType,924,926,Lookups
Lookups.PrescriptionTransferFormat,925,927,Lookups
Lookups.PrescriptionVolume,926,928,Lookups
Lookups.PriceCode,927,929,Lookups
Lookups.PriceType,928,930,Lookups
Lookups.PriorAuthAttachmentIndicator,929,931,Lookups
Lookups.PriorAuthBasisOfRequest,930,932,Lookups
Lookups.PriorAuthRequestType,931,933,Lookups
Lookups.PriorAuthResidenceStatusCode,932,934,Lookups
Lookups.Procedure,933,935,Lookups
Lookups.ProductDescription,934,936,Lookups
Lookups.ProductType,935,937,Lookups
Lookups.ProgressNotesKeywords,936,938,Lookups
Lookups.ProviderSpecialty,937,939,Lookups
Lookups.ProviderType,938,940,Lookups
Lookups.PumpType,939,941,Lookups
Lookups.PurchaseOrderStatus,940,942,Lookups
Lookups.QSTiming,941,943,Lookups
Lookups.QuantityDeductedStatus,942,944,Lookups
Lookups.ReadyToBillStatus,943,945,Lookups
Lookups.RecordStatus,944,946,Lookups
Lookups.RecurringRentalActionType,945,947,Lookups
Lookups.RecurringRentalBillingFrequency,946,948,Lookups
Lookups.RecurringRentalHold,947,949,Lookups
Lookups.RecurringRentalLetterType,948,950,Lookups
Lookups.RecurringRentalRentOrPurchaseLetterResponse,949,951,Lookups
Lookups.RecurringTask,950,952,Lookups
Lookups.RelationshipType,951,953,Lookups
Lookups.REMSNDC,952,954,Lookups
Lookups.REMSPatientType,953,955,Lookups
Lookups.ReportDefinition,954,956,Lookups
Lookups.ReportGroup,955,957,Lookups
Lookups.ReportType,956,958,Lookups
Lookups.ResidentStatus,957,959,Lookups
Lookups.RevenueCode,958,960,Lookups
Lookups.RouteStatus,959,961,Lookups
Lookups.SalesTaxBasis,960,962,Lookups
Lookups.ScheduleLinkType,961,963,Lookups
Lookups.ServiceArea,962,964,Lookups
Lookups.ServiceSite,963,965,Lookups
Lookups.ServiceTaskStatus,964,966,Lookups
Lookups.ServiceTaskType,965,967,Lookups
Lookups.ServiceType,966,968,Lookups
Lookups.SessionType,967,969,Lookups
Lookups.SettingCategory,968,970,Lookups
Lookups.SettingDataType,969,971,Lookups
Lookups.SettingType,970,972,Lookups
Lookups.SettingTypeOption,971,973,Lookups
Lookups.ShippingMethod,972,974,Lookups
Lookups.ShippingPackageType,973,975,Lookups
Lookups.ShippingServiceType,974,976,Lookups
Lookups.SHP_DeliverySystem,975,977,Lookups
Lookups.SHP_DeliverySystemBrand,976,978,Lookups
Lookups.SHP_EnteralDevice,977,979,Lookups
Lookups.SignatureSource,978,980,Lookups
Lookups.SolubilityCurveStatus,979,981,Lookups
Lookups.SpecialProgramCode,980,982,Lookups
Lookups.SpeciesCode,981,983,Lookups
Lookups.State,982,984,Lookups
Lookups.StorageInstruction,983,985,Lookups
Lookups.StorageState,984,986,Lookups
Lookups.SubcutaneousInfectionIntervention,985,987,Lookups
Lookups.SubmissionClarificationCode,986,988,Lookups
Lookups.SupplyMechanism,987,989,Lookups
Lookups.SynagisDelivery,988,990,Lookups
Lookups.SynagisDistributor,989,991,Lookups
Lookups.SynagisDoseStatus,990,992,Lookups
Lookups.SynagisEduMaterials,991,993,Lookups
Lookups.SynagisMissedDoseReason,992,994,Lookups
Lookups.SynagisPatientSat,993,995,Lookups
Lookups.SynagisReactionReason,994,996,Lookups
Lookups.SynagisReactionSeverity,995,997,Lookups
Lookups.SynagisReason,996,998,Lookups
Lookups.SynagisReferralSource,997,999,Lookups
Lookups.SynagisRiskFactor,998,1000,Lookups
Lookups.SynagisStatus,999,1001,Lookups
Lookups.TARPatientStatus,1000,1002,Lookups
Lookups.TARTypeOfService,1001,1003,Lookups
Lookups.TaskSource,1002,1004,Lookups
Lookups.TaskStatus,1003,1005,Lookups
Lookups.TaskSubject,1004,1006,Lookups
Lookups.TaskType,1005,1007,Lookups
Lookups.TaxAssessment,1006,1008,Lookups
Lookups.TaxClaimOption,1007,1009,Lookups
Lookups.TaxCode,1008,1010,Lookups
Lookups.TaxonomyCode,1009,1011,Lookups
Lookups.TeachingLevel,1010,1012,Lookups
Lookups.Team,1011,1013,Lookups
Lookups.TemplateClass,1012,1014,Lookups
Lookups.TemplateType,1013,1015,Lookups
Lookups.TherapeuticRangeFrequency,1014,1016,Lookups
Lookups.TherapeuticRangeUnit,1015,1017,Lookups
Lookups.TherapyProvided,1016,1018,Lookups
Lookups.TherapyType,1017,1019,Lookups
Lookups.TicketItemBillingHold,1018,1020,Lookups
Lookups.TicketItemStatus,1019,1021,Lookups
Lookups.TicketItemType,1020,1022,Lookups
Lookups.TicketStatus,1021,1023,Lookups
Lookups.TimeZones,1022,1024,Lookups
Lookups.TPNCategory,1023,1025,Lookups
Lookups.TPNIngredientType,1024,1026,Lookups
Lookups.TPNNutrientType,1025,1027,Lookups
Lookups.TPNQualifier,1026,1028,Lookups
Lookups.TPNUoM,1027,1029,Lookups
Lookups.TrackingBarcodeDefault,1028,1030,Lookups
Lookups.TransferCareGiven,1029,1031,Lookups
Lookups.TransferNoteType,1030,1032,Lookups
Lookups.TransferOutcome,1031,1033,Lookups
Lookups.TransferReason,1032,1034,Lookups
Lookups.TransferStatus,1033,1035,Lookups
Lookups.TransmissionStatus,1034,1036,Lookups
Lookups.TransmissionType,1035,1037,Lookups
Lookups.UB04AdmissionHour,1036,1038,Lookups
Lookups.UB04AdmissionSource,1037,1039,Lookups
Lookups.UB04AdmitType,1038,1040,Lookups
Lookups.UB04ConditionCode,1039,1041,Lookups
Lookups.UB04OccurrenceCode,1040,1042,Lookups
Lookups.UB04PatientDischargeStatus,1041,1043,Lookups
Lookups.UB04PresentonAdmission,1042,1044,Lookups
Lookups.UB04ValueCode,1043,1045,Lookups
Lookups.UnappliedPaymentType,1044,1046,Lookups
Lookups.UnitDoseIndicator,1045,1047,Lookups
Lookups.UnitofMeasure,1046,1048,Lookups
Lookups.UnscheduledHospitalizationReason,1047,1049,Lookups
Lookups.UPNQualifier,1048,1050,Lookups
Lookups.UrgentCareVisitReason,1049,1051,Lookups
Lookups.UserDefinedAllergy,1050,1052,Lookups
Lookups.UserSettingType,1051,1053,Lookups
Lookups.VisitLocation,1052,1054,Lookups
Lookups.VisitReportCardio,1053,1055,Lookups
Lookups.VisitReportEENT,1054,1056,Lookups
Lookups.VisitReportEndo,1055,1057,Lookups
Lookups.VisitReportGI,1056,1058,Lookups
Lookups.VisitReportGU,1057,1059,Lookups
Lookups.VisitReportMental,1058,1060,Lookups
Lookups.VisitReportMuskulo,1059,1061,Lookups
Lookups.VisitReportNeuro,1060,1062,Lookups
Lookups.VisitReportPrescriptionStatus,1061,1063,Lookups
Lookups.VisitReportResp,1062,1064,Lookups
Lookups.VisitReportResponse,1063,1065,Lookups
Lookups.VisitReportSkin,1064,1066,Lookups
Lookups.VisitType,1065,1067,Lookups
Lookups.VoidReason,1066,1068,Lookups
Lookups.VoidReturnStatus,1067,1069,Lookups
Lookups.WorkflowChartType,1068,1070,Lookups
Lookups.WorkflowGroup,1069,1071,Lookups
Lookups.WorkflowMeasure,1070,1072,Lookups
Lookups.WorkflowMetricType,1071,1073,Lookups
Lookups.WorkflowTimeDurationType,1072,1074,Lookups
Lookups.X12IDQualifier,1073,1075,Lookups
Lookups.X12LineItemStatusCode,1074,1076,Lookups
Lookups.X12ServiceAllowanceChargeCode,1075,1077,Lookups
Lookups.X12TermsOfPaymentCode,1076,1078,Lookups
Lookups.X12UnitOrBasisForMeasurementCode,1077,1079,Lookups
Outcomes.CompanyIndicatorKeyword,1078,1080,Outcomes
Outcomes.CompanyOutcomesIndicator,1079,1081,Outcomes
Outcomes.OutcomeOccurrence,1080,1082,Outcomes
Outcomes.PatientOutcomesIndicator,1081,1083,Outcomes
Patient.DiagnosisCode,1082,1084,Patient
Patient.DiagnosisCode10,1083,1085,Patient
Patient.DiagnosisRelation,1084,1086,Patient
Patient.Patient,1085,1087,Patient
Patient.PatientAllergy,1087,1089,Patient
Patient.PatientCatheter,1089,1091,Patient
Patient.PatientCultrSens,1091,1093,Patient
Patient.PatientDiagnosis,1092,1094,Patient
Patient.PatientFacility,1094,1096,Patient
Patient.PatientLabOrder,1096,1098,Patient
Patient.PatientPolicy,1097,1099,Patient
Patient.PatientPolicyPAPDetail,1100,1102,Patient
Patient.PatientProcedure,1101,1103,Patient
Patient.PatientProvider,1102,1104,Patient
Patient.PatientReferrals,1103,1105,Patient
Patient.PatientShpDemographic,1104,1106,Patient
Patient.PatientStatistic,1105,1107,Patient
Patient.PatientStatusHistory,1106,1108,Patient
PointOfSale.PaymentTransaction,1107,1109,PointOfSale
PointOfSale.Register,1109,1111,PointOfSale
PointOfSale.RegisterHistory,1110,1112,PointOfSale
PointOfSale.Transaction,1112,1114,PointOfSale
PointOfSale.TransactionLineItem,1114,1116,PointOfSale
PointOfSale.TransactionLineItemDiagnosisCode,1117,1119,PointOfSale
PointOfSale.TransactionLineItemQuantityDeducted,1118,1120,PointOfSale
PointOfSale.TransactionLineItemTax,1120,1122,PointOfSale
PointOfSale.Workstation,1121,1123,PointOfSale
Prescription.AuthorizationByPass,1122,1124,Prescription
Prescription.ControlledSubstanceStateRaw,1123,1125,Prescription
Prescription.CSPrescriptionSent,1124,1126,Prescription
Prescription.CSReportingFrequency,1125,1127,Prescription
Prescription.DrugScreeningResponse,1126,1128,Prescription
Prescription.DrugScreeningResponseDetail,1127,1129,Prescription
Prescription.PatientOrder,1129,1131,Prescription
Prescription.PatientOrderDiagnosis,1133,1135,Prescription
Prescription.PatientOrderDrug,1134,1136,Prescription
Prescription.PatientOrderHME,1136,1138,Prescription
Prescription.PatientOrderHMEBIPAP,1137,1139,Prescription
Prescription.PatientOrderHMECPAP,1139,1141,Prescription
Prescription.PatientOrderItem,1141,1143,Prescription
Prescription.PatientOrderItemFactor,1143,1145,Prescription
Prescription.PatientOrderREMS,1144,1146,Prescription
Prescription.PatientOrderSHP,1145,1147,Prescription
Prescription.PatientOrderStatusHistory,1146,1148,Prescription
Prescription.PharmacistAuthorization,1147,1149,Prescription
Prescription.Prescription,1148,1150,Prescription
Prescription.PrescriptionAuthorization,1150,1152,Prescription
Prescription.PrescriptionDose,1151,1153,Prescription
Prescription.PrescriptionFill,1152,1154,Prescription
Prescription.PrescriptionFillControlledSubstance,1155,1157,Prescription
Prescription.PrescriptionFillDocument,1157,1159,Prescription
Prescription.PrescriptionFillDose,1158,1160,Prescription
Prescription.PrescriptionFillItem,1160,1162,Prescription
Prescription.PrescriptionFillItemQuantityDeducted,1162,1164,Prescription
Prescription.PrescriptionFillItemTax,1163,1165,Prescription
Prescription.PrescriptionFillTPN,1164,1166,Prescription
Prescription.PrescriptionFillTPNItem,1166,1168,Prescription
Prescription.PrescriptionFillTPNNutrient,1168,1170,Prescription
Prescription.PrescriptionLabel,1170,1172,Prescription
Prescription.PrescriptionLabelLine,1171,1173,Prescription
Prescription.PrescriptionSequence,1172,1174,Prescription
Prescription.PrescriptionSignOff,1173,1175,Prescription
Prescription.PrescriptionStatusHistory,1174,1176,Prescription
Pricing.BillingOptionModelElement,1175,1177,Pricing
Pricing.BillingOptionsCategoryRule,1176,1178,Pricing
Pricing.BillingOptionsDefaultRule,1177,1179,Pricing
Pricing.BillingOptionSet,1178,1180,Pricing
Pricing.BillingOptionsExplicitItemRule,1180,1182,Pricing
Pricing.BillingOptionsHcPcRule,1182,1184,Pricing
Pricing.BillingOptionsModel,1183,1185,Pricing
Pricing.BillingOptionsPriceCodeRule,1184,1186,Pricing
Pricing.CarrierDocumentationModel,1185,1187,Pricing
Pricing.DocumentationCategoryRule,1186,1188,Pricing
Pricing.DocumentationDefaultRule,1188,1190,Pricing
Pricing.DocumentationExplicitItemRule,1190,1192,Pricing
Pricing.DocumentationHcpcRule,1192,1194,Pricing
Pricing.DocumentationModel,1194,1196,Pricing
Pricing.DocumentationModelElement,1195,1197,Pricing
Pricing.DocumentationPriceCodeRule,1196,1198,Pricing
Pricing.MCRFeeSchedule,1198,1200,Pricing
Pricing.MedicareCBACompany,1200,1202,Pricing
Pricing.MedicareCBAProductCategoryRound,1201,1203,Pricing
Pricing.MedicareCBARatesRaw,1202,1204,Pricing
Pricing.MedicareCBARound,1203,1205,Pricing
Pricing.MedicareCBAZIPCodes,1204,1206,Pricing
Pricing.PartyBillingOptionsModel,1205,1207,Pricing
Pricing.PartyPricingModel,1206,1208,Pricing
Pricing.PriceCodeBaseBillingOptions,1207,1209,Pricing
Pricing.PriceCodeBasePrice,1208,1210,Pricing
Pricing.PricingCategoryRule,1210,1212,Pricing
Pricing.PricingDefaultRule,1212,1214,Pricing
Pricing.PricingExplicitItemRule,1213,1215,Pricing
Pricing.PricingHcPcRule,1215,1217,Pricing
Pricing.PricingMCRFeeRule,1217,1219,Pricing
Pricing.PricingModel,1218,1220,Pricing
Pricing.PricingModelElement,1219,1221,Pricing
Pricing.PricingPriceCodeRule,1220,1222,Pricing
Pricing.TaxArea,1222,1224,Pricing
Pricing.TaxAreaRule,1223,1225,Pricing
Pricing.TaxRule,1224,1226,Pricing
Pricing.TaxRuleItem,1225,1227,Pricing
Pricing.TaxTemplate,1227,1229,Pricing
Pricing.TaxTemplateArea,1228,1230,Pricing
Provider.Facility,1229,1231,Provider
Provider.PECOSPrescribers,1230,1232,Provider
Provider.Provider,1231,1233,Provider
Provider.ProviderFacility,1232,1234,Provider
PurchaseOrder.PurchaseOrder,1233,1235,PurchaseOrder
PurchaseOrder.PurchaseOrderDetail,1235,1237,PurchaseOrder
PurchaseOrder.PurchaseOrderDetailConfirmation,1237,1239,PurchaseOrder
PurchaseOrder.PurchaseOrderDocument,1238,1240,PurchaseOrder
PurchaseOrder.PurchaseOrderTemplate,1239,1241,PurchaseOrder
PurchaseOrder.PurchaseOrderTemplateDetail,1240,1242,PurchaseOrder
Reporting.ContolledSubstanceReportingTemplate,1241,1243,Reporting
Reporting.StateDEASchedule,1242,1244,Reporting
Security.Application,1243,1245,Security
Security.ApplicationGroup,1244,1246,Security
Security.ApplicationGroupMember,1245,1247,Security
Security.Authorization,1246,1248,Security
Security.AuthorizationItem,1248,1250,Security
Security.AuthorizationLog,1249,1251,Security
Security.AuthorizationStore,1250,1252,Security
Security.AuthorizationStoreGroup,1251,1253,Security
Security.AuthorizationStoreGroupMember,1252,1254,Security
Security.DHSUser,1253,1255,Security
Security.ItemHierarchy,1255,1257,Security
Security.Licensing,1256,1258,Security
Security.SettingValue,1257,1259,Security
Security.UserSession,1258,1260,Security
Security.UserSetting,1259,1261,Security
Template.CustomPatientDocumentTemplate,1260,1262,Template
Template.DocumentTemplate,1261,1263,Template
Template.DocumentTemplateLine,1262,1264,Template
Template.IncomingDocumentPath,1264,1266,Template
Template.IncomingDocumentPathCompany,1265,1267,Template
Template.IncomingDocumentPathDevice,1266,1268,Template
Template.IncomingDocumentPathNumber,1267,1269,Template
Template.IncomingDocumentPathWorkflowGroup,1268,1270,Template
Template.LabProfile,1269,1271,Template
Template.LabProfileTest,1270,1272,Template
Template.OrderTemplate,1271,1273,Template
Template.OrderTemplateAncillaryOrder,1273,1275,Template
Template.PatientNoteTemplate,1274,1276,Template
Template.PrescriptionTemplate,1275,1277,Template
Template.PrescriptionTemplateInventoryItem,1276,1278,Template
Template.PrescriptionTemplateLine,1277,1279,Template
Template.PrescriptionTemplateTPN,1278,1280,Template
Template.PrescriptionTemplateTPNItem,1279,1281,Template
Template.X12Definition,1281,1283,Template
Utilities.ASPStagingTable,1282,1284,Utilities
Utilities.AsyncProcess,1283,1285,Utilities
Utilities.BalanceWriteoffBatch,1284,1286,Utilities
Utilities.BalanceWriteoffBatchClaim,1285,1287,Utilities
Utilities.ClaimBatch,1286,1288,Utilities
Utilities.ClaimReport,1287,1289,Utilities
Utilities.Date,1288,1290,Utilities
Utilities.DeliveryTicketSequence,1290,1292,Utilities
Utilities.HCPCStagingTable,1291,1293,Utilities
Utilities.HipaaLog,1292,1294,Utilities
Utilities.ICD10CodesRelationStagingTable,1293,1295,Utilities
Utilities.ICD10CodesStagingTable,1294,1296,Utilities
Utilities.ICD9CodesStagingTable,1295,1297,Utilities
Utilities.InvoiceSequence,1296,1298,Utilities
Utilities.Log,1297,1299,Utilities
Utilities.MCRFeesStagingTable,1298,1300,Utilities
Utilities.MRNSequence,1299,1301,Utilities
Utilities.Numbers,1300,1302,Utilities
Utilities.PECOSPrescribersStagingTable,1301,1303,Utilities
Utilities.RecurringRentalBatch,1302,1304,Utilities
Utilities.ReportTableHelper,1303,1305,Utilities
Utilities.RuralZipCodesStagingTable,1304,1306,Utilities
Utilities.ScheduleDefinition,1305,1307,Utilities
Utilities.SchemaChangeLog,1306,1308,Utilities
Utilities.Script,1307,1309,Utilities
Utilities.ScriptEngine,1308,1310,Utilities
Utilities.ScriptPoint,1309,1311,Utilities
Utilities.Sequence,1310,1312,Utilities
Utilities.ServiceTask,1311,1313,Utilities
Utilities.TaskSchedule,1312,1314,Utilities
Utilities.TicketItemBatch,1313,1315,Utilities
Utilities.TransactionType,1314,1316,Utilities
Utilities.TransmissionBatch,1315,1317,Utilities
Utilities.TransmissionLog,1317,1319,Utilities
Utilities.ZipCodeMapping,1318,1320,Utilities
Utilities.ZipCodeMappingRural,1319,1321,Utilities
Utilities.ZipCodeMappingStagingTable,1320,1322,Utilities
WebPortal.PageInstructions,1321,1323,WebPortal
Workflow.AvailableEvent,1322,1324,Workflow
Workflow.AvailableTransition,1323,1325,Workflow
Workflow.EventSubscriber,1324,1326,Workflow
Workflow.RuleSet,1325,1327,Workflow
Workflow.StateEvent,1326,1328,Workflow
Workflow.StateHold,1327,1329,Workflow
Workflow.StateTransition,1328,1330,Workflow
Workflow.TransitionEvent,1330,1332,Workflow
Workflow.UserCustomChart,1331,1333,Workflow
Workflow.WorkflowBrokenRule,1332,1334,Workflow
Workflow.WorkflowDefinition,1333,1335,Workflow
Workflow.WorkflowDefinitionCompany,1334,1336,Workflow
Workflow.WorkflowHistory,1335,1337,Workflow
Workflow.WorkflowInstance,1337,1339,Workflow
Workflow.WorkflowRule,1339,1341,Workflow
Workflow.WorkflowState,1340,1342,Workflow
Workflow.WorkflowThreshold,1341,1343,Workflow
